Product Id,Weight (kg),Length (m),Width (m),Height (m)
44331,1.025,0.2286,0.1524,0.0508
44352,0.504,0.14,0.04,0.16
44373,0.488,0.105,0.105,0.075
44394,1.0028,0.11,0.11,0.15
44415,0.55,0.13,0.13,0.11
44436,0.045,0.08,0.08,0.26
44457,0.224,0.15,0.13,0.03
44478,0.246,0.13,0.03,0.14
44499,2.003,0.36,0.26,0.04
44520,1.0018,0.28,0.21,0.05
44541,1.005,0.1397,0.1905,0.0445
44562,0.0497,0.22,0.14,0.025
44583,0,0,0,0
44604,0.07,0.125,0.09,0.03
44625,0.5,0.07,0.07,0.14
44646,0.5,0.07,0.07,0.14
44667,0.056,0.065,0.065,0.25
44688,0.554,0.08,0.05,0.22
44709,0.42,0.07,0.07,0.115
44730,0.782,0.08,0.08,0.15
44751,1.0344,0.1016,0.1016,0.1778
44772,0,0,0,0
44793,0.201,0.06,0.048,0.115
44814,0.213,0.17,0.12,0.05
44835,0.0442,0.1143,0.0508,0.1651
44856,0,0,0,0
44877,0.265,0.05,0.05,0.11
44898,0,0,0,0
44919,0,0,0,0
44940,0,0,0,0
44961,0.1,0.17,0.08,0.04
44982,0.9,0.11,0.11,0.11
45003,0,0,0,0
45024,,0.1143,0.2286,0.0762
45045,0.395,0.2032,0.2032,0.1143
45066,0,0,0,0
45087,0.574,0.055,0.055,0.21
45108,0,0,0,0
45129,0,0,0,0
45150,0,0,0,0
45171,0.55,0.07,0.07,0.21
45192,0.4,0.15,0.06,0.1524
45213,0,0,0,0
45234,0.034,0.16,0.12,0.08
45255,0.15,0.16,0.13,0.05
45276,0.2,0.06,0.13,0.2
45297,0.022,,0.16,0.07
45318,0.46,0.085,0.085,0.195
45339,0.041,0.2,0.16,0.04
45360,0.168,0.15,0.09,0.06
45381,0,0,0,0
45402,0,0,0,0
45423,0.065,0.14,0.06,0.03
45444,0.022,0.17,0.02,0.03
45465,0,0,0,0
45486,0.02,0.08,0.02,0.01
45507,1,0.23,0.16,0.04
45528,0.032,0.1397,0.1651,0.0635
45549,0,0,0,0
45570,0.508,0.15,0.15,0.05
45591,0.286,0.06,0.06,0.19
45612,0,0,0,0
45633,0,0,0,0
45654,0.104,0.04,0.025,0.13
45675,0,0,0,0
45696,0,0,0,0
45717,0,0,0,0
45738,0,0,0,0
45759,1.0352,0.11,0.11,0.31
45780,2.4,0.1016,0.1016,0.381
45801,0.644,0.0762,0.0762,0.254
45822,0.3,0.06,0.06,0.15
45843,0,0,0,0
45864,0.08,0.145,0.09,0.04
45885,0.112,0.17,0.035,0.03
45906,1.084,0.1,0.07,0.21
45927,1.084,0.1,0.07,0.21
45948,0,0,0,0
45969,1.0088,0.11,0.072,0.21
45990,0.35,0.05,0.05,0.07
46011,0.25,0.06,0.06,0.11
46032,0.734,0.08,0.08,0.14
46053,0.22,0.2,0.05,0.04
46074,0.324,0.07,0.07,0.19
46095,0.314,0.22,0.055,0.185
46116,0.442,0.19,0.14,0.05
46137,0,0,0,0
46158,0.02,0.08,0.08,0.06
46179,0.0822,0.15,0.05,0.24
46200,0.124,0.06,0.04,0.1
46221,0.25,0.09,0.03,0.16
46242,0.17,0.16,0.09,0.04
46263,0,0,0,0
46284,0.1,0.14,0.11,0.04
46305,1.004,0.26,0.19,
46326,0.4,0.2,0.14,0.07
46347,0.5,0.23,0.16,0.08
46368,0.366,0.21,0.1,0.06
46389,0.0148,0.095,0.07,0.035
46410,0.146,0.095,0.07,0.04
46431,0,0,0,0
46452,0,0,0,0
46473,0.3,0.27,0.09,0.03
46494,0,0,0,0
46515,0,0,0,0
46536,0.07,0.15,0.05,0.03
46557,0.036,0.13,0.04,0.025
46578,0.072,0.15,0.05,0.03
46599,1.36,0.1,0.1,0.31
46620,0.668,0.075,0.075,0.24
46641,0.3,0.06,0.06,0.15
46662,0.29,0.06,0.06,0.24
46683,0.16,0.25,0.12,0.08
46704,0.164,0.248,0.115,0.075
46725,0.08,0.1,0.1,0.12
46746,1.0184,0.14,0.07,0.24
46767,0.145,0.15,0.09,0.07
46788,0.15,0.16,0.09,0.08
46809,0,0,0,0
46830,0.26,0.23,0.045,0.045
46851,0.3,0.08,0.08,0.09
46872,0.54,0.085,0.085,0.112
46893,,0.16,0.12,0.03
46914,0,0,0,0
46935,0.32,0.13,0.13,0.23
46956,0.092,0.12,0.09,0.03
46977,0,0,0,0
46998,0,0,0,0
47019,0.0116,0.1,0.06,0.105
47040,0,0,0,0
47061,0,0,0,0
47082,0.16,0.045,0.08,0.2
47103,0.158,0.16,0.06,0.065
47124,0.55,0.05,0.05,0.24
47145,0.4,0.18,0.12,0.03
47166,0.0545,0.0635,0.0635,0.2032
47187,0.14,0.13,0.09,0.04
47208,0.05,0.08,0.08,0.13
47229,0.5,0.09,0.09,0.2
47250,1.0136,0.12,0.12,0.25
47271,0,0,0,0
47292,0.52,0.0889,0.0889,0.2032
47313,0.45,0.15,0.055,0.18
47334,0.38,0.15,0.05,0.18
47355,0.31,0.17,0.062,0.215
47376,0.103,0.09,0.09,0.12
47397,0.15,0.15,0.1,0.07
47418,0.2,0.17,0.115,0.04
47439,0.4,0.22,0.17,0.03
47460,0,0,0,0
47481,0,0,0,0
47502,0,0,0,0
47523,0,0,0,0
47544,0.15,0.16,0.09,0.08
47565,0.1,0.16,0.09,0.09
47586,0.14,0.15,0.09,0.085
47607,0.1,0.16,0.09,0.09
47628,0.144,0.06,0.05,
47649,0.458,0.19,0.08,0.27
47670,0,0,0,0
47691,0,0,0,0
47712,0.165,0.22,0.07,0.03
47733,0.128,0.135,0.055,0.035
47754,0.0576,0.065,0.065,0.24
47775,1.902,0.095,0.095,0.3
47796,0,0,0,0
47817,0,0,0,0
47838,0.0398,0.235,0.15,0.05
47859,0.196,0.075,0.04,0.11
47880,0.064,0.155,0.035,0.025
47901,0,0,0,0
47922,0,0,0,0
47943,0.07,0.21,0.13,0.06
47964,0.15,0.1,0.06,0.04
47985,0,0,0,0
48006,0.848,0.065,0.065,0.255
48027,0.28,0.1,0.05,0.17
48048,0.252,0.1,0.05,0.1524
48069,0.56,0.1,0.06,0.24
48090,0.56,0.1,0.06,0.24
48111,0.168,0.25,0.13,0.07
48132,0.01,0.07,0.02,0.01
48153,0,0,0,0
48174,0.0106,0.09,0.06,0.03
48195,0.0152,0.0762,0.065,0.0254
48216,0,0,0,0
48237,0.12,0.14,0.11,0.01
48258,0.076,0.04,0.04,0.115
48279,,0.14,0.09,0.1524
48300,0.602,0.06,0.06,0.21
48321,0,0,0,0
48342,0.4,0.2,0.14,0.07
48363,0,0,0,0
48384,2.198,0.13,0.11,0.29
48405,0,0,0,0
48426,0.166,0.19,0.05,0.04
48447,0,0,0,0
48468,0,0,0,0
48489,0,0,0,0
48510,0,0,0,0
48531,0.284,0.06,0.06,0.19
48552,0,0,0,0
48573,0.38,0.065,0.065,0.24
48594,0.38,0.085,0.05,0.22
48615,0.5,0.16,0.15,0.03
48636,1.04,0.09,0.09,0.32
48657,0,0,0,0
48678,0.518,0.07,0.07,0.13
48699,0,0,0,0
48720,0.666,0.1,0.1,0.19
48741,0.45,0.1461,0.0508,0.1842
48762,0.45,0.14,0.06,0.19
48783,0.526,0.1524,0.0508,0.1778
48804,0.5,0.15,0.06,0.22
48825,0,0,0,0
48846,0.048,0.11,0.08,0.02
48867,0.5,0.1524,0.0762,0.2794
48888,0,0,0,0
48909,0,0,0,0
48930,0.4,0.15,0.06,0.2
48951,0.514,0.11,0.11,0.13
48972,0.4,0.15,0.06,0.2
48993,0.32,0.17,0.13,0.06
49014,0.77,0.2,0.07,0.22
49035,1.076,0.1295,0.1295,0.1778
49056,0,0,0,0
49077,0,0,0,0
49098,0.16,0.098,0.098,0.055
49119,0,0,0,0
49140,0,0,0,0
49161,0,0,0,0
49182,0,0,0,0
49203,0.294,0.075,0.075,0.145
49224,0,0,0,0
49245,0,0,0,0
49266,0,0,0,0
49287,0.278,0.13,,0.13
49308,0.064,0.15,0.025,0.04
49329,0.06,0.1,0.08,0.02
49350,0.212,0.21,0.14,0.05
49371,0.256,0.17,0.11,0.06
49392,0.09,0.13,0.07,0.07
49413,0.26,0.25,0.14,0.05
49434,0.01,0.09,0.01,0.04
49455,0.45,0.12,0.12,0.18
49476,0,0,0,0
49497,1,0.23,0.13,0.29
49518,0,0,0,0
49539,0.12,0.145,0.05,0.04
49560,0.296,0.055,0.055,0.18
49581,0.304,0.0635,0.0635,0.1778
49602,0.314,0.06,0.06,0.195
49623,0.488,0.07,0.07,0.21
49644,0,0,0,0
49665,0.1,0.18,0.035,0.03
49686,0.056,0.14,0.035,0.03
49707,0.226,0.22,0.045,0.04
49728,0,0,0,0
49749,0,0,0,0
49770,0.117,0.05,0.025,0.12
49791,0,0,0,0
49812,0,0,0,0
49833,0.45,0.12,0.12,0.16
49854,0,0,0,0
49875,0.352,0.21,0.145,0.06
49896,0.35,0.065,0.065,0.13
49917,0.481,0.07,0.07,0.13
49938,1,0.23,0.16,0.05
49959,0.508,0.255,0.195,0.045
49980,1.0102,0.08,0.08,0.28
50001,0,0,0,0
50022,0.561,0.06,0.06,0.23
50043,1.48,0.08,0.08,0.285
50064,0.584,0.06,0.06,0.2286
50085,0,0,0,0
50106,0,0,0,0
50127,0.64,0.07,0.07,0.135
50148,0.55,0.1092,0.2413,0.1397
50169,0,0,0,0
50190,0.375,0.07,0.07,0.12
50211,0.5,0.065,0.065,0.135
50232,0.494,0.105,0.105,0.09
50253,0.412,0.05,0.08,0.195
50274,0.638,0.1,0.1,0.12
50295,0,,0,0
50316,0.005,,0.09,0.03
50337,0.0055,0.13,0.1,0.03
50358,0.0055,0.11,0.08,0.03
50379,0.025,0.1,0.06,0.03
50400,0.1,0.15,0.09,0.02
50421,0.058,0.12,0.085,0.02
50442,0.02,0.16,0.12,0.05
50463,0,0,0,0
50484,0.017,0.09,0.07,0.03
50505,0.0205,0.15,0.1,0.04
50526,0.0055,0.12,0.09,0.03
50547,0.03,0.05,0.05,0.21
50568,0.011,0.14,0.1,0.03
50589,0.006,0.13,0.09,0.025
50610,0.095,0.08,0.08,0.26
50631,0,0,0,0
50652,0,0,0,0
50673,0,0,0,0
50694,0,0,0,0
50715,0.006,0.13,0.11,0.03
50736,0.011,0.16,0.1,0.03
50757,0,0,0,0
50778,0,0,0,0
50799,0.0052,0.17,0.085,0.04
50820,0,0,0,0
50841,0.258,0.08,0.08,0.08
50862,0,0,0,0
50883,1.0024,0.1778,0.2032,0.0254
50904,0,0,0,0
50925,0.096,0.012,0.012,0.05
50946,0,0,0,0
50967,0.44,0.0762,0.254,0.1778
50988,0.204,0.24,0.135,0.04
51009,0.318,0.22,0.185,0.055
51030,0.296,0.22,0.06,0.19
51051,0,0,0,0
51072,0.154,0.19,0.145,0.045
51093,0.352,0.23,0.18,0.05
51114,0,0,0,0
51135,0.37,0.2,0.14,0.06
51156,0.152,0.19,0.13,0.04
51177,0,0,0,0
51198,0,0,0,0
51219,0.062,0.07,0.07,0.185
51240,0.2,0.05,0.05,0.155
51261,0.95,0.08,0.06,0.29
51282,1.9,0.0762,0.0762,0.3
51303,4.728,0.17,0.17,0.39
51324,0.016,0.13,0.03,0.03
51345,0.364,0.06,0.06,0.205
51366,0.132,0.1,0.07,0.04
51387,0.0302,0.08,0.05,0.145
51408,0.21,0.12,0.1778,0.0254
51429,1.005,0.0762,0.06,0.254
51450,0.025,0.07,0.03,0.12
51471,0.158,0.23,0.16,0.07
51492,0.08,0.09,0.05,0.03
51513,0.2,0.12,0.1778,0.0254
51534,0,0,0,0
51555,0,0,0,0
51576,0.514,0.065,0.065,0.24
51597,0,0,0,0
51618,0,0,0,0
51639,0.2,0.16,0.09,0.06
51660,0,0,0,0
51681,0,0,0,0
51702,1.01,0.2,0.04,0.3
51723,0.42,0.38,0.12,0.12
51744,0,,0,0
51765,0.278,0.065,0.04,0.108
51786,0,0,0,0
51807,0,0,0,0
51828,0,0,0,0
51849,0.29,0.06,0.06,0.24
51870,0.35,0.06,0.06,0.24
51891,1.0368,0.0889,0.0889,0.3175
51912,2.25,0.1016,0.1016,0.381
51933,0.662,0.08,0.08,0.26
51954,0.3,0.06,0.06,0.14
51975,0,0,0,0
51996,1.008,0.2,0.15,0.03
52017,0.044,0.21,0.12,0.05
52038,0.028,0.18,0.105,0.055
52059,0,0,0,0
52080,0.098,0.16,0.06,0.05
52101,0.027,0.06,0.06,0.2
52122,0.375,0.08,0.08,0.22
52143,0.116,0.05,0.03,0.155
52164,0.104,0.065,0.035,0.16
52185,0.5,0.127,0.1778,0.0508
52206,0,0,0,0
52227,1.0156,0.1,0.1,0.18
52248,0.35,0.15,0.09,0.04
52269,0.792,0.11,0.05,0.18
52290,2.007,0.33,0.21,0.03
52311,0.934,0.07,0.07,0.25
52332,1.9,0.1,0.1,
52353,4.706,0.17,0.17,0.37
52374,0.468,0.06,0.06,0.2
52395,0.4,0.18,0.08,0.22
52416,0,0,0,0
52437,0,0,0,0
52458,0,0,0,0
52479,0,0,0,0
52500,0,0,0,0
52521,0,0,0,0
52542,0,0,0,0
52563,0.15,0.12,0.06,0.03
52584,0.126,0.1,0.065,0
52605,0.13,0.05,0.05,0.175
52626,0.05,0.165,0.035,0.025
52647,0.132,0.08,0.03,0.155
52668,0.244,0.1,0.038,0.2
52689,1.009,0.07,0.06,0.25
52710,0,0,0,0
52731,0.27,0.18,0.12,0.04
52752,0.55,0.09,0.05,0.26
52773,0.078,0.055,0.05,0.12
52794,0.031,0.1,0.06,0.03
52815,0.0564,0.06,0.06,0.24
52836,0.81,0.065,0.065,0.22
52857,0.084,0.08,0.08,0.29
52878,0.22,0.081,0.081,0.043
52899,0.13,0.11,0.05,0.03
52920,0.5,0.127,0.127,0.0254
52941,0.14,0.23,0.11,0.08
52962,0.076,0.21,0.11,0.07
52983,0.762,0.08,0.08,0.245
53004,0,0,0,0
53025,0,0,0,0
53046,0.05,0.06,0.06,0.06
53067,0,0,0,0
53088,0,0,0,0
53109,0,0,0,0
53130,0,0,0,0
53151,0,0,0,0
53172,0.136,0.075,0.07,0.065
53193,0.258,0.08,0.08,0.145
53214,0,0,0,0
53235,,0.08,0.08,0.102
53256,0.205,0.075,0.075,0.105
53277,0.218,0.21,0.075,0.045
53298,0.56,0.155,0.155,0.06
53319,0,0,0,0
53340,0,0,0,0
53361,0.057,0.15,0.12,0.05
53382,0.35,0.0762,0.0762,0.1651
53403,0,0,0,0
53424,0,0,0,0
53445,0,0,0,0
53466,0.48,0.0914,0.0914,0.1905
53487,0,0,0,0
53508,0,0,0,0
53529,0.466,0.105,0.105,0.185
53550,0.474,0.105,0.105,0.18
53571,0,0,0,0
53592,0,0,0,0
53613,0.208,0.08,0.08,0.25
53634,0.219,0.08,0.08,0.25
53655,0.218,0.075,0.075,0.243
53676,0.471,0.07,0.07,0.195
53697,0,0,0,0
53718,0,0,0,0
53739,0.0816,0.066,0.066,0.3556
53760,0.514,0.07,0.07,0.31
53781,0,0,0,0
53802,0,0,0,0
53823,0,0,0,0
53844,1.01,0.075,0.07,0.24
53865,0.268,0.055,0.055,0.145
53886,0.0268,0.06,0.06,0.14
53907,0.0266,0.055,0.055,0.155
53928,0,0,0,0
53949,0.262,0.05,0.05,0.13
53970,0,0,0,0
53991,0,0,0,0
54012,0,0,0,0
54033,0,0,0,0
54054,0,0,0,0
54075,0,0,0,0
54096,0,0,0,0
54117,0,0,0,0
54138,0,0,0,0
54159,1.06,0.095,0.06,0.2
54180,0.104,0.065,0.065,0.125
54201,0,0,0,0
54222,0,0,0,0
54243,0.5,0.09,0.09,0.2
54264,0,0,0,0
54285,0.0448,0.07,0.07,0.24
54306,0.268,0.055,0.055,0.25
54327,0,0,0,0
54348,0,0,0,0
54369,0.28,0.06,0.06,0.24
54390,0.28,0.06,0.06,0.23
54411,0.4,0.06,0.06,0.24
54432,0,0,0,0
54453,0,0,0,0
54474,0,0,0,0
54495,0,0,0,0
54516,0,0,0,0
54537,0,0,0,0
54558,0,0,0,0
54579,0,0,0,0
54600,0,0,0,0
54621,0,0,0,0
54642,0,0,0,0
54663,1,0,0,0
54684,0.512,0.07,0.07,0.19
54705,0,0,0,0
54726,0,0,0,0
54747,0.272,0.15,0.08,0.08
54768,0.501,0.18,0.11,0.08
54789,0,0,0,0
54810,0,0,0,0
54831,0,0,0,0
54852,0,0,0,0
54873,0,0,0,0
54894,0,0,0,0
54915,0.256,0.08,0.08,0.1
54936,0,0,0,0
54957,0,0,0,0
54978,0.074,0.2,0.04,0.02
54999,0,0,0,0
55020,0.6,0.21,0.17,0.04
55041,0.224,0.17,0.13,0.05
55062,0,0,0,0
55083,0,0,0,0
55104,0,0,0,0
55125,0.214,0.11,0.24,0.06
55146,0,0,0,0
55167,0,0,0,0
55188,0.31,0.085,0.085,0.23
55209,0,0,0,0
55230,0,0,0,0
55251,0,0,0,0
55272,0,0,0,0
55293,0,0,0,0
55314,0,0,0,0
55335,0,0,0,0
55356,0,0,0,0
55377,2.05,0.31,0.21,0.06
55398,2.04,0.31,0.22,0.06
55419,1.792,0.21,0.04,0.3
55440,0,0,0,0
55461,0,0,0,0
55482,0.386,0.125,0.02,0.33
55503,0.622,0.2,0.31,0.02
55524,0,0,0,0
55545,0.01,0.15,0.1,0.01
55566,0.062,0.45,0.15,0.22
55587,0.1,0.02,0.11,0.05
55608,0.192,0.125,0.055,0.035
55629,0.045,0.06,0.04,0.02
55650,0.158,0.11,0.065,0.045
55671,0.342,0.125,0.055,0.11
55692,0.192,0.02,0.39,0.26
55713,0.28,0.38,0.26,0.01
55734,0,0,0,0
55755,0,0,0,0
55776,0.194,0.09,0.1,0.04
55797,0.144,0.18,0.13,0.03
55818,0.268,0.16,0.04,0.2
55839,0.56,0.02,0.22,0.285
55860,0.4,0.221,0.01,0.28
55881,0.064,0.084,0.015,0.1
55902,0.024,0.06,0.02,0.01
55923,0.012,,0.01,0.02
55944,0,0,0,0
55965,0,0,0,0
55986,0.002,0.15,0.12,0.05
56007,0.178,0.245,0.01,0.0315
56028,0.01,0.28,0.13,0.001
56049,0.28,0.35,0.29,0.02
56070,0.032,0.17,0.035,0.02
56091,0.003,0.11,0.02,0.02
56112,0.048,0.21,0.085,0.01
56133,0.004,0.17,0.08,0.01
56154,0,0,0,0
56175,0,0,0,0
56196,0,0,0,0
56217,0.082,0.18,0.14,0.01
56238,0,0,0,0
56259,0.22,0.115,0.085,0.102
56280,0.09,0.085,0.09,0.12
56301,0.4,0.33,0.05,0.03
56322,0,0,0,0
56343,0,0,0,0
56364,0.196,0.06,0.06,0.045
56385,0.268,0.12,0.035,0.2
56406,0,0,0,0
56427,0.646,0.27,0.22,0.025
56448,0.012,0.15,0.02,0.02
56469,0.016,0.14,0.015,0.015
56490,0,0,0,0
56511,0.052,0.08,0.05,0.03
56532,0.1,0.15,0.02,0.02
56553,0.36,0.07,0.04,0.045
56574,0,0,0,0
56595,0,0,0,0
56616,0,0,0,0
56637,0,0,0,0
56658,0,0,0,0
56679,0,0,0,0
56700,0,0,0,0
56721,0,0,0,0
56742,0.404,0.285,0.05,0.385
56763,0.624,0.4,0.04,0.29
56784,0.246,0.25,0.09,0.29
56805,0.28,0.11,0.27,0.3
56826,0,0,0,0
56847,0,0,0,0
56868,0,0,0,0
56889,0,0,0,0
56910,0.076,0.1,0.1,0.05
56931,0,0,0,0
56952,0.55,0.29,0.34,0.075
56973,0,0,0,0
56994,0.35,0.225,0.175,0.08
57015,0.146,0.32,0.24,0.09
57036,0.036,0.06,0.03,0.035
57057,0,0,0,0
57078,0,0,0,0
57099,0.082,0.13,0.09,0.02
57120,0,0,0,0
57141,0.3,0.2,0.07,0.01
57162,0,0,0,0
57183,0.1,0.17,0.05,0.02
57204,0,0,0,0
57225,0.766,0.22,,0.02
57246,0.256,0.202,0.105,0.32
57267,0,0,0,0
57288,0.16,0.225,0.01,0.29
57309,0,0,0,0
57330,0.292,0.225,0.345,0.02
57351,0,0,0,0
57372,0.364,0.055,0.23,0.15
57393,0,0,0,0
57414,0.042,0.04,0.03,0.09
57435,0.001,0.23,0.31,0.001
57456,0,0,0,0
57477,0.06,0.055,0.005,0.05
57498,0.042,0.05,0.05,0.08
57519,0.104,0.103,0.03,0.135
57540,0.04,0.05,0.04,0.03
57561,0,0,0,0
57582,0.012,0.1,0.06,0.01
57603,0.048,0.045,0.02,0.125
57624,0.17,0.19,0.08,0.025
57645,0,0,0,0
57666,0.156,0.25,0.02,0.1
57687,0.15,0.182,0.06,0.04
57708,0.13,0.17,0.075,0.02
57729,0.513,0.0175,0.045,0.07
57750,0.028,0.03,0.055,0.12
57771,0,0,0,0
57792,0.056,0.04,0.02,0.18
57813,0.07,0.123,0.02,0.085
57834,0.3,0.1,0.1,0.045
57855,0.184,0.02,0.145,0.08
57876,0.366,0.155,0.09,0.06
57897,0.304,195,0.035,0.19
57918,0,0,0,0
57939,0.022,0.33,0.23,0.01
57960,0.252,0.055,0.055,0.212
57981,0.042,0.02,0.085,0.16
58002,0.058,0.102,0.07,0.035
58023,0.014,0.14,0.01,0.01
58044,0.014,0.02,0.02,0.14
58065,0,0,0,0
58086,0.09,0.095,0.095,0.045
58107,0.1,0.14,0.015,0.015
58128,0.026,0.13,0.025,0.02
58149,0.035,0.07,0.03,0.02
58170,0.02,0.11,0.085,0.015
58191,0,0,0,0
58212,0.014,0.13,0.015,0.015
58233,0.15,0.05,0.11,0.18
58254,0.082,0.14,0.01,0.225
58275,0.194,0.265,0.085,0.035
58296,0,0,0,0
58317,0.046,0.17,0.09,0.01
58338,0.17,0.18,0.1,0.0215
58359,0.26,0.14,0.02,0.245
58380,0,0,0,0
58401,0.005,0.04,0.02,0.03
58422,aa,0.09,0.09,0.05
58443,0.006,0.09,0.001,0.06
58464,0.011,0.1,0.06,0.01
58485,0.1,0.1,0.1,0.14
58506,0.0922,0.33,0.27,0.12
58527,0.192,0.25,0.31,0.045
58548,0.144,0.245,0.31,0.02
58569,0,0,0,0
58590,0.018,0.015,0.04,0.16
58611,0,0,0,0
58632,0,0,0,0
58653,0,0,0,0
58674,0.018,0.095,0.07,0.01
58695,0.088,0.24,0.01,0.31
58716,0,0,0,0
58737,0,0,0,0
58758,0,0,0,0
58779,0.476,0.125,0.125,0.13
58800,0,0,0,0
58821,0.046,0.19,0.13,0.02
58842,0.1,0.18,0.12,0.03
58863,0,0,0,0
58884,0.058,0.143,0.125,0.015
58905,0.288,0.03,0.21,0.07
58926,0,0,0,0
58947,0.198,0.11,0.03,0.07
58968,0.044,0.06,0.05,0.055
58989,0,0,0,0
59010,0.081,0.145,0.065,0.045
59031,0.062,0.135,0.055,0.035
59052,0.222,0.07,0.04,0.18
59073,0.142,0.165,0.065,0.055
59094,0,0,0,0
59115,0,0,0,0
59136,0.205,0.0508,0.0508,0.1676
59157,0.044,0.09,0.03,0.025
59178,0.122,0.03,0.045,0.165
59199,0.072,0.135,0.065,ss
59220,0.124,0.07,0.05,0.16
59241,0.065,0.05,0.03,0.15
59262,0,0,0,0
59283,0,0,0,0
59304,0,0,0,0
59325,0,0,0,0
59346,0,0,0,0
59367,0,0,0,0
59388,0.33,0.09,0.05,0.22
59409,0,0,0,0
59430,0.246,0.08,0.048,0.21
59451,0.132,0.07,0.07,0.045
59472,0.16,0.09,0.09,0.075
59493,0,0,0,0
59514,0.23,0.08,0.04,0.185
59535,0.1,0.062,0.053,0.08
59556,0.135,0.028,0.028,0.145
59577,0.114,0.07,0.03,0.145
59598,0.13,0.06,dd,0.14
59619,0,0,0,0
59640,0,0,0,0
59661,0.556,0.01,0.05,0.225
59682,0,0,0,0
59703,0.226,0.06,0.04,0.16
59724,0.084,0.045,0.045,0.12
59745,0,0,0,0
59766,0,0,0,0
59787,0,0,0,0
59808,0.069,0.045,0.03,0.15
59829,0.072,0.05,0.035,0.11
59850,0.106,0.045,0.045,0.065
59871,0.157,0.045,0.045,0.215
59892,0.284,0.075,0.045,0.2
59913,0.288,0.075,0.035,0.185
59934,0,0,0,0
59955,0.18,0.052,0.052,0.185
59976,0,0,0,0
59997,0.138,0.05,0.05,0.155
60018,0,0,0,0
60039,0.162,0.055,0.055,0.145
60060,0.148,0.055,0.055,0.16
60081,0,0,0,0
60102,0.286,0.053,0.053,0.205
60123,0,0,0,0
60144,0,0,0,0
60165,5.0029,0.2794,0.381,0.0762
60186,5.009,0.381,0.3048,0.1016
60207,1.102,0.09,0.09,0.27
60228,0,0,0,0
60249,0.026,0.12,0.01,0.13
60270,0.03,0.01,0.12,0.13
60291,0.052,0.14,0.1,0.03
60312,1.48,ee,0.08,0.29
60333,0.35,0.09,0.09,0.1
60354,0,0,0,0
60375,0,0,0,0
60396,0.486,0.055,0.055,0.205
60417,0.17,0.07,0.07,0.21
60438,0,0,0,0
60459,0.145,0.065,0.065,0.04
60480,0,0,0,0
60501,0,0,0,0
60522,0.028,0.035,0.035,0.09
60543,0.05,0.04,0.04,0.095
60564,0.102,0.14,0.085,0.015
60585,0.135,0.1,0.1,0.17
60606,0,0,0,0
60627,0.0066,0.15,0.11,0.03
60648,0,0,0,0
60669,0.07,0.14,0.1,0.03
60690,0.086,0.15,0.1,0.03
60711,0.08,0.15,0.1,0.03
60732,0.142,0.095,0.07,0.045
60753,0,0,0,0
60774,0,0,0,0
60795,0.395,0.095,0.045,0.017
60816,0.23,0.052,0.03,0.175
60837,0,0,0,0
60858,0.282,0.08,0.04,0.165
60879,0.116,0.06,0.04,0.143
60900,0.112,0.06,0.035,0.155
60921,0,0,0,0
60942,0.23,0.075,0.035,0.1524
60963,0.054,0.075,0.045,0.025
60984,0.436,0.08,0.08,0.22
61005,0,0,0,0
61026,0,0,0,0
61047,0,0,0,0
61068,0,0,0,0
61089,0,0,0,0
61110,0,0,0,0
61131,0.2,0.03,0.07,0.18
61152,0.332,0.065,0.05,0.18
61173,0.045,0.135,0.055,0.035
61194,0.061,0.12,0.055,0.035
61215,0.06,0.12,0.055,0.035
61236,0,0,0,0
61257,0.278,0.055,0.055,0.205
61278,0.095,0.195,0.1,0.065
61299,0.138,0.095,0.065,0.04
61320,0.148,0.094,0.42,0.068
61341,0,0,0,0
61362,0,0,0,0
61383,0,0,0,0
61404,0,0,0,0
61425,0,0,0,0
61446,0,0,0,0
61467,0,0,0,0
61488,0.128,0.1,0.06,0.04
61509,0,0,0,0
61530,0.114,0.085,0.08,0.065
61551,0.1,0.125,0.065,0.05
61572,0,0,0,0
61593,0,0,0,0
61614,0.413,0.08,0.06,0.2105
61635,0,0,0,0
61656,0.204,0.02,0.08,0.195
61677,0.284,0.09,0.03,0.2
61698,0,0,0,0
61719,0,0,0,0
61740,0,0,0,0
61761,0,0,0,0
61782,0,0,0,0
61803,0,0,0,0
61824,0,0,0,0
61845,0,0,0,0
61866,0,0,0,0
61887,0,0,0,0
61908,0.426,0.07,0.05,0.213
61929,0,0,0,0
61950,0.113,0.17,0.12,0.04
61971,0.148,0.02,0.015,0.07
61992,0.47,0.075,0.045,0.235
62013,0,0,0,0
62034,0,0,0,0
62055,0,0,0,0
62076,0.228,0.065,0.045,0.115
62097,0.85,0.06,0.06,0.273
62118,0,0,0,0
62139,0,0,0,0
62160,0.45,0.15,0.11,0.19
62181,1.084,0.13,0.13,0.165
62202,2.088,0.19,0.19,0.25
62223,0,0,0,0
62244,0,0,0,0
62265,0,0,0,0
62286,0.6,0.2,0.19,0.12
62307,2.01,0.47,0.26,0.12
62328,1.089,0.43,0.22,0.12
62349,1.3,0.28,0.12,0.23
62370,1.1,ee,0.12,0.28
62391,0,0,0,0
62412,0,0,0,0
62433,0,0,0,0
62454,0,0,0,0
62475,0,0,0,0
62496,0,0,0,0
62517,1.5,0.4,0.13,0.28
62538,0,0,0,0
62559,0,0,0,0
62580,0,0,0,0
62601,0.08,0.34,0.3,0.12
62622,1.028,0.35,0.33,0.11
62643,1.007,0.28,0.22,0.18
62664,1.29,0.43,0.21,0.11
62685,1.05,0.38,0.22,0.11
62706,1.328,0.34,0.27,0.1
62727,1.5,0.32,0.28,0.11
62748,0.396,0.14,0.05,0.19
62769,0.396,0.14,0.06,0.19
62790,0.722,0.16,0.1,0.075
62811,0,0,0,0
62832,0,0,0,0
62853,0.79,0.13,0.08,0.29
62874,0.016,0.115,0.025,0.015
62895,0.018,0.125,0.025,0.015
62916,0.016,0.02,0.02,0.14
62937,0,0,0,0
62958,0.02,0.02,0.02,0.085
62979,0.158,0.11,0.07,0.05
63000,0.056,0.15,0.005,0.1105
63021,0.218,0.08,0.08,0.11
63042,0,0,0,0
63063,1.026,0.2,0.15,0.2159
63084,0.19,0.25,0.12,0.08
63105,0.389,0.09,0.04,0.225
63126,0,0,0,0
63147,0,0,0,0
63168,0,0,0,0
63189,0,0,0,0
63210,0.816,0.11,0.065,0.23
63231,0,0,0,0
63252,0,0,0,0
63273,0.256,0.08,0.05,0.21
63294,0,0,0,0
63315,0,0,0,0
63336,0,0,0,0
63357,0,0,0,0
63378,0.432,0.071,0.055,0.215
63399,0,0,0,0
63420,0,0,0,0
63441,0,0,0,0
63462,0.396,0.075,0.048,0.215
63483,0.392,gg,0.045,0.215
63504,0,0,0,0
63525,0,0,0,0
63546,0,0,0,0
63567,0,0,0,0
63588,0,0,0,0
63609,0.206,0.08,0.05,0.185
63630,0,0,0,0
63651,0,0,0,0
63672,0,0,0,0
63693,0,0,0,0
63714,0,0,0,0
63735,0,0,0,0
63756,0,0,0,0
63777,0,0,0,0
63798,0,0,0,0
63819,0,0,0,0
63840,0,0,0,0
63861,0,0,0,0
63882,0,0,0,0
63903,0,0,0,0
63924,0,0,0,0
63945,0.2,0.065,0.035,0.15
63966,0.548,0.09,0.045,0.235
63987,0,0,0,0
64008,0,0,0,0
64029,0,0,0,0
64050,0.204,0.0385,0.0385,0.173
64071,0,0,0,0
64092,0,0,0,0
64113,0,0,0,0
64134,0,0,0,0
64155,0,0,0,0
64176,0,0,0,0
64197,0.561,0.1,0.08,0.21
64218,0,0,0,0
64239,0,0,0,0
64260,0,0,0,0
64281,0,0,0,0
64302,0,0,0,0
64323,0,0,0,0
64344,0,0,0,0
64365,0,0,0,0
64386,0,0,0,0
64407,0,0,0,0
64428,0,0,0,0
64449,0,0,0,0
64470,0.43,0.05,0.05,0.18
64491,0,0,0,0
64512,0,0,0,0
64533,0.26,0.08,0.04,0.14
64554,0.276,0.07,0.04,0.19
64575,0,0,0,0
64596,0,0,0,0
64617,0,0,0,0
64638,0,0,0,0
64659,0,0,0,0
64680,0,0,0,0
64701,0,0,0,0
64722,0,0,0,0
64743,0,0,0,0
64764,0,0,0,0
64785,0,0,0,0
64806,0,0,0,0
64827,0,0,0,0
64848,0,0,0,0
64869,0,0,0,0
64890,0,0,0,0
64911,0,0,0,0
64932,0,0,0,0
64953,0.148,0.05,0.05,0.135
64974,0.146,0.055,0.055,0.135
64995,0.24,0.053,0.053,0.142
65016,0,0,0,0
65037,0.246,0.055,0.055,0.155
65058,0,0,0,0
65079,0.176,0.05,0.05,0.07
65100,0,0,0,0
65121,0.256,0.06,0.04,0.17
65142,0.188,0.05,0.05,0.13
65163,0.287,0.07,0.07,0.15
65184,0.24,0.06,0.06,0.14
65205,0.164,0.05,0.05,0.13
65226,gg,0.06,0.06,0.13
65247,0.1,0.12,0.08,0.03
65268,0,0,0,0
65289,0.1,0.11,0.12,0.02
65310,0,0,0,0
65331,0,0,0,0
65352,0.104,0.12,0.12,0.03
65373,0,0,0,0
65394,0.102,0.125,0.02,0.155
65415,0.1,0.205,0.04,0.265
65436,0.098,0.12,0.035,0.115
65457,0.1,0.0508,0.1,0.03
65478,0.1,0.18,0.02,0.13
65499,0.108,0.15,0.12,0.07
65520,0,0,0,0
65541,0,0,0,0
65562,0,0,0,0
65583,0,0,0,0
65604,0,0,0,0
65625,0.35,0.12,0.12,0.16
65646,0.5,0.13,0.13,0.16
65667,0.06,24.05,12,11.05
65688,0.2,0.13,0.16,0.12
65709,0.265,0.24,0.18,0.13
65730,0.052,0.2,0.19,0.04
65751,0,0,0,0
65772,0.205,0.105,0.03,0.205
65793,0.312,0.215,0.18,0.03
65814,0,0,0,0
65835,0.276,0.19,0.12,0.035
65856,0.548,0.22,0.115,0.05
65877,0.498,0.23,0.12,0.03
65898,0.546,0.21,0.15,0.05
65919,0.404,0.13,jj,0.06
65940,0.05,0.12,0.095,0.022
65961,0.042,0.15,0.1,0.04
65982,0.044,0.16,0.11,0.03
66003,0.256,0.2,0.175,0.03
66024,0.05,0.21,0.195,0.03
66045,0,0,0,0
66066,0.096,0.1,0.1,0.12
66087,0.204,0.095,0.04,0.065
66108,0.226,0.1,0.03,0.09
66129,0.23,0.085,0.085,0.059
66150,0.35,0.17,0.12,0.03
66171,0.346,0.17,0.16,0.03
66192,0,0,0,0
66213,0,0,0,0
66234,0.23,0.055,0.055,0.12
66255,0.403,0.075,0.075,0.105
66276,0,0,0,0
66297,0.552,0.055,0.055,0.24
66318,0.235,0.2032,0.1524,0.0508
66339,1.0336,0.27,0.21,0.07
66360,0.34,0.21,0.2,0.02
66381,1.05,0.254,0.1905,0.0762
66402,1.05,0.3556,0.2286,0.0762
66423,0,0,0,0
66444,0,0,0,0
66465,0,0,0,0
66486,0,0,0,0
66507,0,0,0,0
66528,0,0,0,0
66549,0,0,0,0
66570,0,0,0,0
66591,0,0,0,0
66612,0,0,0,0
66633,0,0,0,0
66654,0,0,0,0
66675,0,0,0,0
66696,0,0,0,0
66717,0,0,0,0
66738,0,0,0,0
66759,0,0,0,0
66780,0,0,0,0
66801,0,0,0,0
66822,0,0,0,0
66843,1.22,0.3556,0.2286,0.0762
66864,1.05,0.3556,0.2286,0.0762
66885,0,0,0,0
66906,0,0,0,0
66927,0,0,0,0
66948,1.02,0.254,0.1905,0.1016
66969,0,0,0,0
66990,0,0,0,0
67011,0,0,0,0
67032,0,0,0,0
67053,0,0,0,0
67074,0,0,0,0
67095,0,0,0,0
67116,0,0,0,0
67137,0,0,0,0
67158,0,0,0,0
67179,0,0,0,0
67200,0,0,0,0
67221,0,0,0,0
67242,0,0,0,0
67263,0,0,0,0
67284,0,0,0,0
67305,0.391,0.21,0.18,0.05
67326,0,0,0,0
67347,0,0,0,0
67368,2.81,0.12,0.12,0.34
67389,4.6176,0.16,0.16,0.33
67410,0.205,0.13,0.09,0.04
67431,0,0,0,0
67452,0,0,0,0
67473,0,0,0,0
67494,0,0,0,0
67515,0,0,0,0
67536,0,0,0,0
67557,0,0,0,0
67578,0.39,0.092,0.092,0.108
67599,0.405,0.105,0.105,0.086
67620,0,0,0,0
67641,0,0,0,0
67662,0,0,0,0
67683,0,0,0,0
67704,0.22,0.13,0.05,0.2
67725,0.0796,0.06,0.06,0.23
67746,1.0016,0.075,0.075,0.295
67767,0,0,0,0
67788,0,0,0,0
67809,0,0,0,0
67830,0,0,0,0
67851,0,0,0,0
67872,0.538,0.13,0.175,0.075
67893,0.536,0.13,0.075,0.17
67914,0.536,0.16,0.135,0.08
67935,0.535,0.095,0.075,0.185
67956,0.534,0.155,!!,0.08
67977,0.556,0.28,0.075,0.035
67998,0.102,0.1524,0.1524,0.0254
68019,0.504,0.23,0.18,0.06
68040,0.124,0.145,0.095,0.03
68061,0,0,0,0
68082,0.194,0.15,0.1,0.04
68103,0.4,0.07,0.07,0.13
68124,0.706,0.065,0.065,0.13
68145,0.722,0.065,0.065,0.13
68166,0,0,0,0
68187,0.024,0.06,0.025,0.085
68208,0.024,0.055,0.025,0.088
68229,0.024,0.055,0.022,0.085
68250,0.512,0.28,0.18,0.05
68271,0.51,0.31,0.09,0.03
68292,0.6,0.07,0.07,0.21
68313,0,0,0,0
68334,0.328,0.075,0.05,0.175
68355,0,0,0,0
68376,0,0,0,0
68397,0,0,0,0
68418,0,0,0,0
68439,0,0,0,0
68460,0,0,0,0
68481,0.1,0.135,0.09,0.06
68502,0.358,0.065,0.065,0.155
68523,0.062,0.16,0.04,0.03
68544,0,0,0,0
68565,0,0,0,0
68586,0.022,0.15,0.08,0.02
68607,0.56,0.09,0.09,0.2
68628,0.085,0.4,0.1,0.01
68649,0,0,0,0
68670,0.16,0.075,0.075,0.085
68691,@,0.075,0.075,0.15
68712,0.186,0.213,0.015,0.09
68733,0,0,0,0
68754,0,0,0,0
68775,0.125,0,0,0
68796,0,0,0,0
68817,0.065,0.12,0.04,0.02
68838,0.152,0.16,0.07,0.03
68859,0.065,0.14,0.06,0.03
68880,0,0,0,0
68901,0.185,0.215,0.03,0.09
68922,0.12,0,0,0
68943,0.569,0.1,0.1,0.135
68964,0,0,0,0
68985,0.05,0.08,0.08,0.08
69006,0,0,0,0
69027,0,0,0,0
69048,0.052,0.12,0.04,0.05
69069,0,0,0,0
69090,0,0,0,0
69111,0,0,0,0
69132,0,0,0,0
69153,0.045,0.13,0.07,0.03
69174,0.194,0.095,0.095,0.085
69195,0.194,0.09,0.09,0.072
69216,0,0,0,0
69237,0,0,0,0
69258,0,0,0,0
69279,0,0,0,0
69300,0,0,0,0
69321,0,0,0,0
69342,0.2,0.1,0.095,0.1
69363,0,0,0,0
69384,0,0,0,0
69405,0.1,0.09,0.06,0.13
69426,0,0,0,0
69447,0,0,0,0
69468,0,0,0,0
69489,0.352,0.1,0.09,0.145
69510,0,0,0,0
69531,0.53,0.11,0.11,0.13
69552,1.092,0.11,0.07,0.21
69573,1.008,0.12,0.09,0.24
69594,1.092,0.06,0.1,0.2
69615,1.098,0.09,0.06,0.205
69636,1.084,0.11,0.07,0.21
69657,1.004,0.12,0.09,0.24
69678,1.114,0.105,0.062,0.207
69699,5.0014,0.35,0.3,0.0762
69720,0,0,0,0
69741,0,0,0,0
69762,0.502,0.2,0.14,0.06
69783,0,0,0,0
69804,0,0,0,0
69825,0.622,0.24,0.14,0.05
69846,0,0,0,0
69867,0,0,0,0
69888,0,0,0,0
69909,0,0,0,0
69930,0,0,0,0
69951,0,0,0,0
69972,1.086,0.09,0.09,0.285
69993,0.55,0.07,0.07,0.24
70014,0.1,0.15,0.125,0.03
70035,0.35,0.06,0.06,0.15
70056,0.35,0.06,0.06,0.15
70077,0.25,0.07,0.07,0.17
70098,0.5,0.1,0.1,0.19
70119,0.398,0.14,0.055,0.18
70140,0.553,0.14,0.05,0.195
70161,0,0,0,0
70182,0.456,0.14,0.052,0.175
70203,0.368,0.14,%,0.18
70224,0,0,0,0
70245,0,0,0,0
70266,0,0,0,0
70287,0.362,0.05,0.05,0.19
70308,0,0,0,0
70329,0,0,0,0
70350,0,0,0,0
70371,0,0,0,0
70392,0,0,0,0
70413,0,0,0,0
70434,0,0,0,0
70455,0,0,0,0
70476,0,0,0,0
70497,0,0,0,0
70518,0,0,0,0
70539,1.078,0.095,0.07,0.21
70560,0,0,0,0
70581,0,0,0,0
70602,0.332,0.055,0.055,0.11
70623,0.653,0.08,0.08,0.135
70644,0.548,0.07,0.07,0.125
70665,0.58,0.08,0.08,0.12
70686,0.102,0.1,0.1,0.06
70707,0.204,0.17,0.14,0.03
70728,0,0,0,0
70749,0.1,0.18,0.1,0.02
70770,0.2,0.2,0.13,0.02
70791,0.55,0.07,0.07,0.16
70812,5.05,0.44,0.24,0.12
70833,0,0,0,0
70854,0.397,0.08,0.08,0.08
70875,0.232,0.21,0.105,0.055
70896,0,0,0,0
70917,0.204,0.21,0.04,0.24
70938,0,0,0,0
70959,0.328,0.27,0.16,0.08
70980,1.0136,0.2,0.06,0.25
71001,0,0,0,0
71022,0.52,0.21,0.14,0.06
71043,0,0,0,0
71064,0,0,0,0
71085,0,0,0,0
71106,1.06,0.08,0.08,0.21
71127,1.088,0.08,0.075,0.21
71148,1.06,0.08,0.08,0.21
71169,1.06,0.08,0.08,&
71190,0.258,0.05,0.05,0.135
71211,0,0,0,0
71232,0,0,0,0
71253,0,0,0,0
71274,0.042,0.035,0.035,0.1
71295,0.057,0.03,0.03,0.1
71316,0.0028,0.035,0.035,0.1
71337,0.026,0.03,0.03,0.105
71358,0,0,0,0
71379,0.052,0.03,0.03,0.1
71400,0.48,0.075,0.075,0.114
71421,0,0,0,0
71442,0,0,0,0
71463,0,0,0,0
71484,0,0,0,0
71505,0,0,0,0
71526,0,0,0,0
71547,0,0,0,0
71568,0,0,0,0
71589,0.504,0.1524,0.1651,0.0381
71610,0,0,0,0
71631,0,0,0,0
71652,0.508,0.11,0.11,0.13
71673,0.51,0.11,0.11,0.13
71694,0.412,0.1397,0.0508,0.1905
71715,0,0,0,0
71736,0,0,0,0
71757,0,0,0,0
71778,0.054,0.14,0.1,0.03
71799,0,0,0,0
71820,0,0,0,0
71841,0,0,0,0
71862,0,0,0,0
71883,0.47,0.105,0.105,0.18
71904,0.536,0.06,0.06,0.215
71925,0,0,0,0
71946,0.352,0.06,0.06,0.15
71967,0,0,0,0
71988,0,0,0,0
72009,0,0,0,0
72030,0,0,0,0
72051,0,0,0,0
72072,0,0,0,0
72093,0.44,0.18,0.14,0.05
72114,0.524,0.11,0.11,0.13
72135,0,0,0,0
72156,0,0,0,0
72177,0.1,0.16,0.125,*
72198,0.048,0.15,0.05,0.04
72219,0.34,0.055,0.055,0.152
72240,1.0076,0.095,0.06,0.195
72261,1.0076,0.095,0.06,0.195
72282,1.0078,0.095,0.06,0.195
72303,1.009,0.1,0.07,0.21
72324,0,0,0,0
72345,0.74,0.07,0.07,0.255
72366,1.019,0.07,0.07,0.295
72387,0.64,0.07,0.07,0.22
72408,0.558,0.11,0.11,0.11
72429,0.42,0.09,0.09,0.1
72450,0,0,0,0
72471,0,0,0,0
72492,0,0,0,0
72513,0,0,0,0
72534,0.098,0.0889,0.0889,0.1829
72555,0.094,0.035,0.035,0.09
72576,0.094,0.035,0.035,0.09
72597,0.096,0.085,0.075,0.03
72618,0.09,0.09,0.08,0.03
72639,0.45,0.08,0.08,0.1
72660,0,0,0,0
72681,0.75,0.09,0.09,0.19
72702,1.0184,0.0889,0.0889,0.1778
72723,0,0,0,0
72744,1.0184,0.0889,0.0889,0.1778
72765,0.009,0.18,0.09,0.09
72786,0,0,0,0
72807,0,0,0,0
72828,0.45,0.08,0.08,0.1
72849,0,0,0,0
72870,0,0,0,0
72891,1.0178,0.0889,0.0889,0.1778
72912,1.184,0.0889,0.0889,0.1778
72933,0,0,0,0
72954,0,0,0,0
72975,0.3,0.09,0.09,0.12
72996,0.15,0.16,0.14,0.03
73017,0.098,0.16,0.12,0.03
73038,0.258,0.085,0.085,0.11
73059,0,0,0,0
73080,0,0,0,0
73101,0.102,0.125,^,0.09
73122,0,0,0,0
73143,0,0,0,0
73164,0,0,0,0
73185,0,0,0,0
73206,0,0,0,0
73227,0,0,0,0
73248,0,0,0,0
73269,0.096,0.12,0.09,0.025
73290,0,0,0,0
73311,0.08,0.12,0.09,0.025
73332,0,0,0,0
73353,0,0,0,0
73374,0,0,0,0
73395,0,0,0,0
73416,0,0,0,0
73437,0,0,0,0
73458,0,0,0,0
73479,0,0,0,0
73500,0,0,0,0
73521,0,0,0,0
73542,0.18,0.055,0.055,0.07
73563,0,0,0,0
73584,0.135,0.08,0.07,0.04
73605,0,0,0,0
73626,0,0,0,0
73647,0.454,0.14,0.05,0.18
73668,0,0,0,0
73689,0,0,0,0
73710,0,0,0,0
73731,0,0,0,0
73752,0,0,0,0
73773,0,0,0,0
73794,0,0,0,0
73815,0,0,0,0
73836,0,0,0,0
73857,0,0,0,0
73878,0,0,0,0
73899,0,0,0,0
73920,0.52,0.21,0.18,0.06
73941,0,0,0,0
73962,0,0,0,0
73983,0,0,0,0
74004,0,0,0,0
74025,0,0,0,0
74046,0.5,0.05,0.05,0.21
74067,0,0,0,0
74088,0,0,0,0
74109,0,0,0,0
74130,0,0,0,0
74151,0,0,0,0
74172,0,0,0,0
74193,0,0,0,0
74214,0,0,0,0
74235,0,0,0,0
74256,0,0,0,0
74277,0,0,0,0
74298,0.54,0.33,0.29,0.1
74319,0,0,0,0
74340,0,0,0,0
74361,0,0,0,0
74382,0.106,0.17,0.06,0.06
74403,0.065,0.0889,0.055,0.055
74424,0,0,0,0
74445,0,0,0,0
74466,0,0,0,0
74487,0.55,0.07,0.07,0.21
74508,0,0,0,0
74529,0.152,0.185,0.125,0.035
74550,1.03,0.075,0.075,0.26
74571,0.202,0.06,0.06,0.075
74592,0,0,0,0
74613,0,0,0,0
74634,0.6,(,0.062,0.22
74655,0,0,0,0
74676,0,0,0,0
74697,0,0,0,0
74718,0,0,0,0
74739,0,0,0,0
74760,0.48,0.055,0.055,0.205
74781,0,0,0,0
74802,0,0,0,0
74823,0,0,0,0
74844,0,0,0,0
74865,0.202,0.06,0.06,0.07
74886,0,0,0,0
74907,0,0,0,0
74928,0.11,0.055,0.055,0.08
74949,0.05,0.07,0.07,0.21
74970,0,0,0,0
74991,0,0,0,0
75012,0.727,0.065,0.065,0.185
75033,1.374,0.085,0.085,0.24
75054,0.055,0.08,0.08,0.17
75075,0.05,0.14,0.07,0.02
75096,0.24,0.18,0.14,0.05
75117,0.034,0.14,0.07,0.02
75138,0.065,0.15,0.05,0.05
75159,0.234,0.19,0.11,0.06
75180,0,0,0,0
75201,0,0,0,0
75222,0,0,0,0
75243,0,0,0,0
75264,0.26,0.1016,0.1016,0.1778
75285,0.6,0.0536,0.0536,0.1981
75306,0.36,0.0762,0.0864,0.1803
75327,0.256,0.11,0.07,0.035
75348,0,0,0,0
75369,0,0,0,0
75390,0,0,0,0
75411,0,0,0,0
75432,0,0,0,0
75453,0,0,0,0
75474,0,0,0,0
75495,0,0,0,0
75516,0,0,0,0
75537,0.088,0.045,0.005,0.045
75558,0,0,0,0
75579,0,0,0,0
75600,1,0.205,0.03,0.3
75621,2.004,0.254,0.3302,0.0508
75642,1.003,0.26,0.19,0.04
75663,0.183,0.22,0.11,0.03
75684,0,0,0,0
75705,0,0,0,0
75726,1,0.28,0.21,0.05
75747,0.5,0.18,0.14,0.04
75768,0,0,0,0
75789,0,0,0,0
75810,0,0,0,0
75831,0,0,0,0
75852,1,0,0,0
75873,0.25,0.12,0.1,0.06
75894,0,0,0,0
75915,0,0,0,0
75936,0,0,0,0
75957,0,0,0,0
75978,0,0,0,0
75999,0,0,0,0
76020,0,0,0,0
76041,0,0,0,0
76062,0.21,0.19,0.12,0.03
76083,0.0871,0.08,0.08,0.13
76104,0.398,0.08,0.08,0.08
76125,0.25,0.065,0.065,0.085
76146,0.398,0.08,0.08,0.08
76167,0.728,0.09,0.09,0.12
76188,0,0,0,0
76209,0.516,0.07,0.07,0.2
76230,0,0,0,0
76251,0,0,0,0
76272,0.1,0.09,0.18,0.12
76293,0,0,0,0
76314,0,0,0,0
76335,0,0,0,0
76356,0.136,0.15,0.09,0.08
76377,0.2,0.17,0.13,0.03
76398,0.13,0.16,0.09,0.08
76419,0.144,0.19,0.09,0.06
76440,0.2,0.17,0.13,0.04
76461,0,0,0,0
76482,0,0,0,0
76503,0.334,0.19,0.075,0.265
76524,),0.195,0.055,0.25
76545,0.634,0.195,0.07,0.31
76566,0.56,0.245,0.07,0.3
76587,0.584,0.19,0.09,0.32
76608,0,0,0,0
76629,0.39,0.19,0.07,0.27
76650,0.594,0.19,0.07,0.31
76671,0.31,0.19,0.08,0.07
76692,0,0,0,0
76713,0.6,0.2,0.07,0.3
76734,0,0,0,0
76755,0.232,0.19,0.08,0.06
76776,1.052,0.18,0.15,0.24
76797,0.212,0.045,0.045,0.185
76818,0,0,0,0
76839,0.966,0.18,0.14,0.1
76860,0,0,0,0
76881,0,0,0,0
76902,0,0,0,0
76923,0,0,0,0
76944,0.046,0.17,0.06,0.03
76965,0,0,0,0
76986,0.22,0.085,0.085,0.045
77007,0.99,0.105,0.105,0.12
77028,0,0,0,0
77049,4.0781,0.1651,0.1651,0.3556
77070,0.294,0.215,0.135,0.06
77091,0.356,0.18,0.14,0.06
77112,0.34,0.245,0.125,0.06
77133,0.022,0.12,0.04,0.03
77154,0.036,0.11,0.05,0.02
77175,0.048,0.15,0.03,0.02
77196,0.022,0.05,0.035,0.015
77217,0,0,0,0
77238,0,0,0,0
77259,5.023,0.24,0.11,0.36
77280,0,0,0,0
77301,?,0.21,0.11,0.01
77322,0.2,0.1905,0.1905,0.0381
77343,0,0,0,0
77364,0.324,0.095,0.05,0.21
77385,0,0,0,0
77406,0,0,0,0
77427,0,0,0,0
77448,0,0,0,0
77469,0,0,0,0
77490,0,0,0,0
77511,0,0,0,0
77532,0.058,0.06,0.06,0.22
77553,0,0,0,0
77574,0,0,0,0
77595,0,0,0,0
77616,0,0,0,0
77637,0.07,0.08,0.08,0.265
77658,0.537,0.06,0.06,0.21
77679,0,0,0,0
77700,0.1,0.1,0.04,0.14
77721,0.2,0.17,0.13,0.04
77742,0,0,0,0
77763,0,0,0,0
77784,0.256,0.05,0.05,0.135
77805,0.075,0.03,0.02,0.02
77826,0.025,0.08,0.02,0.02
77847,0.075,0.03,0.02,0.02
77868,0.052,0.13,0.07,0.02
77889,0.052,0.13,0.065,0.025
77910,0.1,0.2,0.15,0.05
77931,0.026,0.12,0.01,0.16
77952,0,0,0,0
77973,0,0,0,0
77994,0,0,0,0
78015,0,0,0,0
78036,0,0,0,0
78057,0,0,0,0
78078,0,0,0,0
78099,0,0,0,0
78120,0.026,0.14,0.11,0.01
78141,0.04,0.14,0.11,0.01
78162,0.7,0.12,0.1,0.03
78183,0,0,0,0
78204,0.5,0.26,0.11,0.12
78225,0.5,0.26,0.11,0.12
78246,0,0,0,0
78267,0,0,0,0
78288,0,0,0,0
78309,0,0,0,0
78330,0,0,0,0
78351,0,0,0,0
78372,0,0,0,0
78393,0,0,0,0
78414,0.456,0.14,0.05,0.2
78435,0,0,0,0
78456,1.002,0.2032,0.127,0.0762
78477,0,0,0,0
78498,0.518,0.24,0.17,0.07
78519,0,0,0,0
78540,0,0,0,0
78561,2.0212,0.12,0.1,0.29
78582,0,0,0,0
78603,0.501,0.13,0.03,0.2
78624,1.02,0.24,0.14,0.045
78645,2.05,0.17,0.07,0.27
78666,5.074,0.29,0.075,0.48
78687,0.055,0.15,0.09,0.03
78708,0.088,0.14,0.1,0.03
78729,0.072,0.14,0.1,0.03
78750,0.074,0.14,0.095,0.03
78771,0,0,0,0
78792,0.055,0.14,0.09,0.03
78813,0.074,0.14,0.1,0.03
78834,0.072,0.14,0.095,0.03
78855,0,0,0,0
78876,0,0,0,0
78897,0,0,0,0
78918,0,0,0,0
78939,0.182,0.1,0.02,0.23
78960,0.455,0.06,0.06,0.17
78981,0,0,0,0
79002,0,0,0,0
79023,0,0,0,0
79044,0,0,0,0
79065,0,0,0,0
79086,0,0,0,0
79107,0,0,0,0
79128,0,0,0,0
79149,0,0,0,0
79170,0,0,0,0
79191,0,0,0,0
79212,0,0,0,0
79233,0,0,0,0
79254,0,0,0,0
79275,0,0,0,0
79296,0.355,0.05,0.05,0.11
79317,1.0092,0.075,0.075,0.28
79338,0.222,0.075,0.075,0.235
79359,0.226,0.075,0.075,0.23
79380,0.216,0.075,0.075,0.235
79401,0.102,0.15,0.115,0.025
79422,0,0,0,0
79443,0.498,0.21,0.15,0.035
79464,0,0,0,0
79485,0,0,0,0
79506,0,0,0,0
79527,1.008,0.09,0.09,0.285
79548,0.534,0.065,0.065,0.244
79569,0,0,0,0
79590,0,0,0,0
79611,0,0,0,0
79632,0,0,0,0
79653,0,0,0,0
79674,0,0,0,0
79695,0,0,0,0
79716,0,0,0,0
79737,0,0,0,0
79758,0.4,0.07,0.07,0.21
79779,0,0,0,0
79800,0,0,0,0
79821,1.08,0.18,0.15,0.235
79842,0.1,0.08,0.05,0.02
79863,0,0,0,0
79884,0.63,0.09,0.09,0.12
79905,0,0,0,0
79926,0.02,0.09,0.09,0.05
79947,0.35,0.08,0.08,0.06
79968,0,0,0,0
79989,0,0,0,0
80010,0.35,0.09,0.06,0.15
80031,0.2,0.06,0.04,0.11
80052,0,0,0,0
80073,?,0.09,0.09,0.16
80094,0,0,0,0
80115,0,0,0,0
80136,0,0,0,0
80157,0,0,0,0
80178,0,0,0,0
80199,0.4,0.15,0.06,0.19
80220,0,0,0,0
80241,0,0,0,0
80262,0,0,0,0
80283,0.45,0.15,0.05,0.19
80304,0,0,0,0
80325,0.45,0.15,0.05,0.19
80346,0.42,0.145,0.055,0.125
80367,0.435,0.15,0.05,0.19
80388,1,0,0,0
80409,0,0,0,0
80430,0.4,0.1778,0.0762,0.2858
80451,0,0,0,0
80472,0,0,0,0
80493,0,0,0,0
80514,0.508,0.1,0.1,0.13
80535,0,0,0,0
80556,0.146,0.15,0.1,0.05
80577,0.5,0.11,0.11,0.13
80598,0.5,0.11,0.11,0.13
80619,0.18,0.19,0.11,0.09
80640,0.38,0.08,.,0.16
80661,0.664,0.1,0.09,0.2
80682,0.4,0.15,0.06,0.1524
80703,2.914,0.2,0.2,0.22
80724,0,0,0,0
80745,2.112,0.16,0.16,0.24
80766,0,0,0,0
80787,0.394,0.14,0.05,0.18
80808,0.524,0.105,0.105,0.14
80829,0,0,0,0
80850,0,0,0,0
80871,0,0,0,0
80892,0,0,0,0
80913,0,0,0,0
80934,0,0,0,0
80955,0,0,0,0
80976,0,0,0,0
80997,0,0,0,0
81018,0,0,0,0
81039,0.028,0.125,0.025,0.16
81060,0,0,0,0
81081,0,0,0,0
81102,0.198,0.09,0.09,0.08
81123,0.195,0.085,0.085,0.075
81144,0,0,0,0
81165,0,0,0,0
81186,0,0,0,0
81207,1.096,0.04,0.025,0.19
81228,0,0,0,0
81249,0.76,0.0762,0.0508,0.2591
81270,0.944,0.075,0.075,0.255
81291,2.0968,0.14,0.14,0.265
81312,0.1,0.12,0.06,0.04
81333,0.074,0.19,0.06,0.06
81354,0,0,0,0
81375,0,0,0,0
81396,0.3,0.22,0.18,0.07
81417,0.072,0.15,0.06,0.04
81438,0,0,0,0
81459,0.02,0.09,0.01,0.04
81480,0.02,0.09,0.01,0.04
81501,0,0,0,0
81522,0,0,0,0
81543,0,0,0,0
81564,0,0,0,0
81585,0,0,0,0
81606,0,0,0,0
81627,0,0,0,0
81648,0,0,0,0
81669,0,0,0,0
81690,0,0,0,0
81711,0,0,0,0
81732,0,0,0,0
81753,0,0,0,0
81774,0,0,0,0
81795,0.524,0.3,0.19,0.08
81816,0.26,0.3,0.07,0.02
81837,0.102,0.11,0.11,0.14
81858,0.53,0.07,0.07,0.24
81879,0.34,0.06,0.06,0.15
81900,0.28,0.06,0.06,0.19
81921,1.09,0.1,0.1,0.3683
81942,0,0,0,0
81963,0,0,0,0
81984,0.025,0.07,0.02,0.1
82005,0,0,0,0
82026,0,0,0,0
82047,0.5,0.07,0.07,0.135
82068,0.124,0.24,0.09,0.065
82089,0,0,0,0
82110,0.147,.,0.115,0.045
82131,0.162,0.195,0.125,0.045
82152,0,0,0,0
82173,0.542,0.07,0.07,0.13
82194,0.205,0.16,0.115,0.045
82215,0.306,0.07,0.07,0.15
82236,2.003,0.28,0.14,0.08
82257,5.0029,0.2794,0.381,0.0762
82278,0,0,0,0
82299,0.294,0.065,0.065,0.15
82320,0.062,0.115,0.07,0.03
82341,0.223,0.12,0.075,0.125
82362,0.5,0.07,0.07,0.13
82383,0.294,0.055,0.055,0.175
82404,0.241,0.155,0.03,0.18
82425,0.3,0.06,0.06,0.125
82446,0.264,0.24,0.16,0.06
82467,0.355,0.235,0.155,0.06
82488,0,0,0,0
82509,0,0,0,0
82530,0.125,0.07,0.05,0.11
82551,5.008,0.29,0.06,0.41
82572,0,0,0,0
82593,0,0,0,0
82614,0.238,0.05,0.165,0.21
82635,0,0,0,0
82656,0.017,0.15,0.07,0.07
82677,0.154,0.125,0.035,0.15
82698,0.446,0.105,0.03,0.273
82719,0.375,0.07,0.07,0.12
82740,0,0,0,0
82761,0,0,0,0
82782,0.218,0.05,0.035,0.115
82803,0.442,0.05,0.15,0.19
82824,0.102,0.14,0.05,0.055
82845,0.375,0.06,0.06,0.12
82866,0,0,0,0
82887,0.24,0.055,0.055,0.165
82908,0.488,0.07,0.07,0.21
82929,0.654,0.07,0.07,0.133
82950,0,0,0,0
82971,0,0,0,0
82992,0.254,0.075,0.075,0.08
83013,1.03,0.105,0.105,0.152
83034,0.55,0.06,0.06,0.22
83055,0.51,0.27,0.075,0.38
83076,0.536,0.11,0.11,0.19
83097,0,0,0,0
83118,0.57,0.055,0.055,0.215
83139,0.312,0.21,0.13,0.05
83160,0.623,0.055,0.055,0.21
83181,1.26,0.075,0.075,0.295
83202,1.506,0.08,0.08,0.28
83223,0.573,0.055,0.055,0.205
83244,0.236,0.062,0.062,0.135
83265,0.514,0.24,0.18,0.04
83286,0.5,0.19,0.12,0.03
83307,1.008,0.1016,0.0508,0.2159
83328,0.632,0.065,0.065,0.24
83349,0.926,0.09,0.09,0.26
83370,0.694,0.0762,0.0762,0.2921
83391,0,0,0,0
83412,1,0,0,0
83433,1.046,0.114,0.114,0.115
83454,0,0,0,0
83475,0,0,0,0
83496,0,0,0,0
83517,0,0,0,0
83538,0,0,0,0
83559,0.658,0.085,0.085,0.14
83580,0,0,0,0
83601,0,0,0,0
83622,0.25,0.08,0.08,0.25
83643,0,0,0,0
83664,0.063,0.075,0.075,0.09
83685,0,0,0,0
83706,0,0,0,0
83727,0.1,0.18,0.09,0.04
83748,0,0,0,0
83769,0.1,0.12,0.11,0.03
83790,0.11,0.215,0.13,0.02
83811,0.102,0.05,0.05,0.112
83832,0.105,0.125,0.15,0.05
83853,0,0,0,0
83874,0.1,0.18,0.1,0.04
83895,0,0,0,0
83916,0,0,0,0
83937,0.1,0.13,0.03,0.14
83958,0,0,0,0
83979,0.05,0.1,0.02,0.1
84000,0.201,0.2,â€œ,0.26
84021,0.11,0.1016,0.1016,0.0254
84042,0,0,0,0
84063,0,0,0,0
84084,0.1,0.11,0.05,0.1425
84105,0,0,0,0
84126,0,0,0,0
84147,0,0,0,0
84168,0,0,0,0
84189,0,0,0,0
84210,0,0,0,0
84231,0.1,0.155,0.12,0.03
84252,0,0,0,0
84273,0,0,0,0
84294,0,0,0,0
84315,0,0,0,0
84336,0,0,0,0
84357,0,0,0,0
84378,0,0,0,0
84399,0,0,0,0
84420,0,0,0,0
84441,0,0,0,0
84462,0.1,0.1,0.18,0.09
84483,0,0,0,0
84504,0,0,0,0
84525,0.997,0.1905,0.2286,0.0381
84546,0.102,0.085,0.085,0.135
84567,0.39,0.2413,0.3302,0.0635
84588,0,0,0,0
84609,0,0,0,0
84630,0,0,0,0
84651,0,0,0,0
84672,0,0,0,0
84693,1,0,0,0
84714,0,0,0,0
84735,0,0,0,0
84756,0,0,0,0
84777,0,0,0,0
84798,0,0,0,0
84819,0,0,0,0
84840,0,0,0,0
84861,0,0,0,0
84882,0,0,0,0
84903,0.2,0.16,0.13,0.03
84924,0.051,0.25,0.18,0.05
84945,0.011,0.14,0.08,0.04
84966,0.052,0.25,0.18,0.06
84987,0.0206,0.185,0.135,0.04
85008,0.011,0.16,0.1,0.02
85029,0,0,0,0
85050,0.005,0.12,0.1,0.04
85071,0.0106,0.14,0.1,0.03
85092,0,0,0,0
85113,0.051,0.1143,0.0508,0.1778
85134,0,0,0,0
85155,0.55,0.07,0.07,0.22
85176,0.2,0.14,0.12,0.03
85197,0.78,0.09,0.09,|
85218,0.604,0.08,0.08,0.13
85239,0,0,0,0
85260,0,0,0,0
85281,0,0,0,0
85302,0,0,0,0
85323,0,0,0,0
85344,0,0,0,0
85365,0.0093,0.033,0.033,0.09
85386,0.093,0.035,0.035,0.09
85407,0.094,0.035,0.035,0.09
85428,0,0,0,0
85449,0,0,0,0
85470,1,0,0,0
85491,0,0,0,0
85512,0,0,0,0
85533,0,0,0,0
85554,0,0,0,0
85575,0.496,0.1,0.1,0.09
85596,0.978,0.11,0.11,0.15
85617,1.092,0.23,0.18,0.06
85638,0.44,0.145,0.05,0.185
85659,0,0,0,0
85680,0,0,0,0
85701,0.464,0.06,0.06,0.172
85722,0.46,0.055,0.055,0.195
85743,0.428,0.0762,0.0762,0.2032
85764,0.45,0.06,0.06,0.17
85785,0,0,0,0
85806,0.434,0.06,0.06,0.173
85827,0.25,0.05,0.04,0.19
85848,0,0,0,0
85869,0,0,0,0
85890,0,0,0,0
85911,0.5,0.075,0.075,0.115
85932,0,0,0,0
85953,0,0,0,0
85974,0,0,0,0
85995,0.09,0.16,0.08,0.05
86016,1.074,0.14,0.17,0.235
86037,0,0,0,0
86058,0.0214,0.045,0.045,0.18
86079,0,0,0,0
86100,0,0,0,0
86121,0.2,0.055,0.055,0.11
86142,0,0,0,0
86163,0.364,0.06,0.06,0.115
86184,0.644,0.075,0.075,0.13
86205,0.45,0.065,0.065,0.133
86226,0.644,0.07,0.07,0.135
86247,0.636,0.07,0.07,0.13
86268,0.506,0.4,0.31,0.09
86289,0.954,0.075,0.075,0.285
86310,7.0486,0.2,0.2,0.45
86331,0,0,0,0
86352,0,0,0,0
86373,0.206,0.055,0.055,0.085
86394,0.132,0.095,0.055,0.035
86415,0,0,0,0
86436,0,0,0,0
86457,0.54,0.0508,0.0508,0.1905
86478,0.334,0.1905,0.0762,0.2349
86499,0.181,0.22,0.11,0.04
86520,0.0268,0.055,0.055,0.145
86541,0,0,0,0
86562,0,0,0,0
86583,0.262,0.05,0.05,0.13
86604,0.0502,0.305,0.08,0.02
86625,0.51,0.23,0.13,0.05
86646,0.5,0.26,0.17,0.06
86667,0,0,0,0
86688,0,0,0,0
86709,0,0,0,0
86730,0,0,0,0
86751,0,0,0,0
86772,0,0,0,0
86793,0,0,0,0
86814,0,0,0,0
86835,0,0,0,0
86856,0,0,0,0
86877,0,0,0,0
86898,0.4,0.19,0.16,0.05
86919,0,0,0,0
86940,0.144,0.03,0.1,0.145
86961,0,0,0,0
86982,0.068,0.14,0.095,0.025
87003,0.066,0.14,0.095,0.025
87024,0.068,0.14,0.095,0.025
87045,0,0,0,0
87066,0.068,0.14,0.095,0.025
87087,0.07,0.25,0.14,0.09
87108,0.06,0.145,0.095,0.025
87129,0.07,0.15,0.1,0.03
87150,0.0865,0.0762,0.0762,0.2921
87171,0.696,0.08,0.08,0.135
87192,0.44,0.06,0.06,0.13
87213,0.44,0.07,0.07,0.13
87234,0.376,0.11,0.033,0.235
87255,0,0,0,0
87276,1.0165,0.085,0.085,0.26
87297,0,0,0,0
87318,0,0,0,0
87339,0,0,0,0
87360,0,0,0,0
87381,0,0,0,0
87402,0,0,0,0
87423,2.012,0.19,0.053,0.3
87444,0.5,0.1,0.1,0.06
87465,0.55,0.24,0.16,0.05
87486,1.25,0.31,0.23,0.075
87507,0,0,0,0
87528,0,0,0,0
87549,0,0,0,0
87570,0.032,0.1,0.03,0.02
87591,0.02,0.06,0.03,0.02
87612,0,0,0,0
87633,0,0,0,0
87654,0,0,0,0
87675,1.102,0.082,0.075,0.205
87696,0,0,0,0
87717,0,0,0,0
87738,0,0,0,0
87759,0,0,0,0
87780,0,0,0,0
87801,0,0,0,0
87822,0,0,0,0
87843,0,0,0,0
87864,0,0,0,0
87885,0.12,0.145,0.115,0.06
87906,0.35,0.06,0.06,0.15
87927,0,0,0,0
87948,0,0,0,0
87969,0.504,0.055,0.055,0.15
87990,0.518,0.06,0.06,0.16
88011,0.45,0.08,0.08,0.085
88032,0,0,0,0
88053,0.218,0.05,0.04,0.12
88074,0,0,0,0
88095,1.008,0.1,0.08,0.24
88116,0.672,0.07,0.07,0.13
88137,0.662,0.075,0.075,0.13
88158,0.43,0.07,0.07,0.13
88179,0.43,0.07,0.07,0.13
88200,0,0,0,0
88221,0.2,0.19,0.135,0.03
88242,0,0,0,0
88263,0.614,0.07,0.07,0.21
88284,0,0,0,0
88305,0.612,0.08,0.08,0.21
88326,0.61,0.08,0.08,0.21
88347,0.604,0.0635,0.0635,0.2032
88368,0.644,0.07,0.07,0.2
88389,0,0,0,0
88410,0.62,0.08,0.08,0.195
88431,0,0,0,0
88452,0.154,0.045,0.045,0.14
88473,0,0,0,0
88494,0,0,0,0
88515,0,0,0,0
88536,0,0,0,0
88557,0,0,0,0
88578,1.178,0.11,0.11,0.1778
88599,0,0,0,0
88620,1.0664,0.14,0.14,0.17
88641,0,0,0,0
88662,0.5,0.11,0.02,0.17
88683,0,0,0,0
88704,0,0,0,0
88725,0,0,0,0
88746,0,0,0,0
88767,0,0,0,0
88788,0,0,0,0
88809,0,0,0,0
88830,0,0,0,0
88851,0,0,0,0
88872,0,0,0,0
88893,0,0,0,0
88914,0,0,0,0
88935,0,0,0,0
88956,0,0,0,0
88977,0,0,0,0
88998,0,0,0,0
89019,0,0,0,0
89040,0,0,0,0
89061,0,0,0,0
89082,0,0,0,0
89103,0,0,0,0
89124,0,0,0,0
89145,0,0,0,0
89166,0,0,0,0
89187,0.2,0.27,0.16,0.03
89208,0.81,[,0.1651,0.0762
89229,0,0,0,0
89250,0,0,0,0
89271,0,0,0,0
89292,0,0,0,0
89313,0,0,0,0
89334,0,0,0,0
89355,0,0,0,0
89376,0,0,0,0
89397,0,0,0,0
89418,0,0,0,0
89439,0,0,0,0
89460,0,0,0,0
89481,0,0,0,0
89502,0,0,0,0
89523,0,0,0,0
89544,0,0,0,0
89565,0,0,0,0
89586,0,0,0,0
89607,1,0.18,0.18,0.28
89628,0.49,0.08,0.08,0.28
89649,0.478,0.055,0.055,0.2
89670,0.0498,0.23,0.15,0.05
89691,7.045,0.17,0.17,0.44
89712,1.009,0.19,0.15,0.05
89733,0.2,0.16,0.06,0.09
89754,0.13,0.24,0.1,0.03
89775,0.18,0.235,0.105,0.03
89796,0.19,0.28,0.12,0.05
89817,0,0,0,0
89838,0,0,0,0
89859,0,0,0,0
89880,0,0,0,0
89901,0,0,0,0
89922,1.01,0.08,0.07,0.26
89943,1.0103,0.08,0.07,0.26
89964,1.05,0.08,0.07,0.25
89985,1.01,0.08,0.07,0.25
90006,1.0104,0.08,0.07,0.26
90027,1.01,0.08,0.07,0.26
90048,0.1,0.16,0.12,0.02
90069,0.198,0.22,0.16,0.03
90090,0.044,0.16,0.11,0.02
90111,0.25,0.07,0.07,0.11
90132,0.198,0.225,0.16,0.03
90153,0.048,0.16,0.11,0.025
90174,0.194,0.225,0.16,0.035
90195,0.203,0.075,0.075,0.1
90216,0.036,0.16,0.11,0.03
90237,0,0,0,0
90258,0,0,0,0
90279,0,0,0,0
90300,0.67,0.082,0.082,0.1
90321,0.644,0.088,0.088,0.104
90342,0.664,0.08,0.08,0.95
90363,0.435,0.08,0.08,0.095
90384,0.45,0.08,0.08,0.095
90405,0.038,0.09,0.04,0.02
90426,0.02,0.09,0.04,0.01
90447,0.038,0.09,0.04,0.02
90468,0,0,0,0
90489,0,0,0,0
90510,0,0,0,0
90531,0,0,0,0
90552,0,0,0,0
90573,0,0,0,0
90594,0,0,0,0
90615,0,0,0,0
90636,0,0,0,0
90657,0,0,0,0
90678,0,0,0,0
90699,0,0,0,0
90720,0,0,0,0
90741,0,0,0,0
90762,0,0,0,0
90783,0,0,0,0
90804,0,0,0,0
90825,0.218,0.25,0.19,0.045
90846,0,0,0,0
90867,0.528,0.21,0.11,0.06
90888,0,0,0,0
90909,0,0,0,0
90930,0,0,0,0
90951,0,0,0,0
90972,0,0,0,0
90993,0,0,0,0
91014,0.276,0.25,0.055,0.1
91035,0,0,0,0
91056,1,0,0,0
91077,0.418,0.075,0.055,0.19
91098,0,0,0,0
91119,0,0,0,0
91140,0,0,0,0
91161,0,0,0,0
91182,0,0,0,0
91203,0,0,0,0
91224,0,0,0,0
91245,0.312,0.1,0.1,0.105
91266,0,0,0,0
91287,0,0,0,0
91308,0.02,0.175,0.13,0.02
91329,0.151,0.115,0.115,0.08
91350,0.278,0.055,0.055,0.205
91371,0.79,0.085,0.05,0.03
91392,0,0,0,0
91413,0.428,0.06,0.045,0.19
91434,0,0,0,0
91455,0.014,0.065,0.065,0.02
91476,0,0,0,0
91497,0,0,0,0
91518,0,0,0,0
91539,0.45,0.2,0.14,0.06
91560,0.46,0.0762,0.0965,0.1778
91581,1.4,0.08,0.08,0.22
91602,0.12,0.09,0.08,0.035
91623,0,0,0,0
91644,0.2,0.11,0.04,0.04
91665,0,0,0,0
91686,0,0,0,0
91707,0,0,0,0
91728,0,0,0,0
91749,0,0,0,0
91770,1.002,0.1397,0.2286,0.0508
91791,0,0,0,0
91812,0.41,0.08,0.08,0.12
91833,0.025,0.1651,0.1651,0.0889
91854,0.2,0.16,0.11,0.02
91875,0.03,0.17,0.16,0.05
91896,0.044,0.22,0.135,0.05
91917,0.2,0.125,0.055,0.15
91938,0.044,0.27,0.135,0.06
91959,0.6,0.23,0.12,0.24
91980,0.02,0.23,0.045,0.02
92001,0,0,0,0
92022,0.056,0.04,0.04,0.065
92043,0,0,0,0
92064,0,0,0,0
92085,0,0,0,0
92106,0.311,0.08,0.045,0.185
92127,0,0,0,0
92148,0.25,0.32,0.15,0.03
92169,0.51,0.25,0.2,0.07
92190,0.23,0.08,0.08,0.06
92211,0,0,0,0
92232,0.536,0.22,0.12,0.05
92253,0,0,0,0
92274,0.085,0.135,0.045,0.035
92295,0,0,0,0
92316,0,0,0,0
92337,0,0,0,0
92358,0.08,0.12,0.08,0.16
92379,0,0,0,0
92400,0,0,0,0
92421,0,0,0,0
92442,0,0,0,0
92463,0,0,0,0
92484,0.2,0.11,0.07,0.03
92505,0,0,0,0
92526,0,0,0,0
92547,0,0,0,0
92568,0,0,0,0
92589,0.058,0.145,0.1,0.05
92610,0.133,0.115,0.115,0.03
92631,0.72,0.11,0.03,0.225
92652,0.7,0.1,0.04,0.21
92673,0,0,0,0
92694,0,0,0,0
92715,1.104,0.09,0.09,0.28
92736,0,0,0,0
92757,1.362,0.19,0.055,0.28
92778,0,0,0,0
92799,0.55,0.254,0.2286,0.0838
92820,0.81,0.2,0.14,0.11
92841,1.025,0.2,0.14,0.07
92862,0.462,0.075,0.075,0.115
92883,0,0,0,0
92904,0,0,0,0
92925,0,0,0,0
92946,0.568,0.1778,0.0508,0.2413
92967,0,0,0,0
92988,0.09,0.03,0.27,0.095
93009,0,0,0,0
93030,0.104,0.11,0.11,0.35
93051,0.078,0.28,0.095,0.28
93072,0.224,0.42,0.385,0.17
93093,0,0,0,0
93114,0.328,0.175,0.16,0.135
93135,0.076,0.16,0.12,0.085
93156,0.36,0.25,0.18,0.2
93177,0.96,0.16,0.09,0.07
93198,0.184,0.145,0.145,0.165
93219,0.424,0.19,0.19,0.12
93240,0.102,0.155,0.145,0.06
93261,0.742,0.17,0.17,0.06
93282,0.124,0.16,0.16,0.08
93303,0.06,0.16,0.07,0.21
93324,0,0,0,0
93345,0,0,0,0
93366,0,0,0,0
93387,0,0,0,0
93408,0,0,0,0
93429,0,0,0,0
93450,0,0,0,0
93471,0,0,0,0
93492,0,0,0,0
93513,0,0,0,0
93534,0,0,0,0
93555,0.146,0.025,0.025,0.39
93576,0,0,0,0
93597,0,0,0,0
93618,0,0,0,0
93639,0.08,0.28,0.28,0.1
93660,1.2,0.16,0.1,0.18
93681,2.2,0.2794,0.508,0.2921
93702,0,0,0,0
93723,0,0,0,0
93744,1.354,0.45,0.45,0.48
93765,0.186,0.26,0.55,0.55
93786,0.084,0.25,0.12,0.01
93807,0,0,0,0
93828,2.316,0.38,0.19,0.5
93849,0,0,0,0
93870,0.225,0.07,0.04,0.19
93891,0,0,0,0
93912,0,0,0,0
93933,2.194,0.52,0.3,0.35
93954,0,0,0,0
93975,0,0,0,0
93996,0.25,0.19,0.13,0.03
94017,0,0,0,0
94038,0.179,0.055,0.055,0.185
94059,0.166,0.05,0.05,0.185
94080,0.173,0.045,0.045,0.18
94101,0.171,0.05,0.05,0.185
94122,0,0,0,0
94143,0,0,0,0
94164,0,0,0,0
94185,0.16,0.055,0.055,0.135
94206,0,0,0,0
94227,0.42,0.06,0.06,0.22
94248,0.14,0.055,0.055,0.145
94269,0.092,0.055,0.055,0.145
94290,0.148,0.05,0.05,0.19
94311,0.25,0.05,0.05,0.16
94332,0.13,0.055,0.055,0.16
94353,0.16,0.05,0.055,0.155
94374,0.154,0.055,0.055,0.15
94395,0.21,0.065,0.035,0.1651
94416,0.214,0.065,0.035,0.168
94437,0,0,0,0
94458,0,0,0,0
94479,0.463,0.08,0.045,0.22
94500,0,0,0,0
94521,0,0,0,0
94542,0,0,0,0
94563,0,0,0,0
94584,0.45,0.08,0.05,0.21
94605,0.285,0.065,0.04,0.195
94626,0.46,0.08,0.045,0.22
94647,0,0,0,0
94668,0,0,0,0
94689,0.257,0.08,0.06,0.17
94710,0,0,0,0
94731,0,0,0,0
94752,0,0,0,0
94773,0.17,0.07,0.07,0.18
94794,0,0,0,0
94815,0,0,0,0
94836,0,0,0,0
94857,0,0,0,0
94878,0,0,0,0
94899,0,0,0,0
94920,0.118,0.02,0.02,0.025
94941,0,0,0,0
94962,0,0,0,0
94983,0,0,0,0
95004,0,0,0,0
95025,0,0,0,0
95046,0.118,0.0635,0.0381,0.1778
95067,0.122,0.06,0.04,0.17
95088,0,0,0,0
95109,0,0,0,0
95130,0.29,0.075,0.04,0.148
95151,0,0,0,0
95172,0,0,0,0
95193,0,0,0,0
95214,0.185,0.055,0.055,0.18
95235,0,0,0,0
95256,0,0,0,0
95277,0,0,0,0
95298,0,0,0,0
95319,0,0,0,0
95340,0,0,0,0
95361,0.12,0.04,0.04,0.18
95382,0.133,0.04,0.04,0.18
95403,0.124,0.04,0.04,0.18
95424,0.148,0.05,0.05,0.155
95445,0.264,0.045,0.085,0.14
95466,0.268,0.085,0.04,0.132
95487,0.264,0.08,0.04,0.14
95508,0.266,0.085,0.04,0.14
95529,0,0,0,0
95550,0.268,0.084,0.04,0.0135
95571,0.268,0.095,0.04,0.14
95592,0,0,0,0
95613,0,0,0,0
95634,0,0,0,0
95655,0.37,0.095,0.035,0.135
95676,0.17,0.07,0.03,0.115
95697,0,0,0,0
95718,0,0,0,0
95739,0.264,0.08,0.04,0.14
95760,0.334,0.1,0.035,0.14
95781,0,0,0,0
95802,0,0,0,0
95823,0,0,0,0
95844,0,0,0,0
95865,0,0,0,0
95886,0,0,0,0
95907,0,0,0,0
95928,0.278,0.05,0.05,0.13
95949,0,0,0,0
95970,1.02,0.195,0.04,0.275
95991,5.001,0.2286,0.4064,0.1016
96012,0,0,0,0
96033,0.092,0.165,0.12,0.085
96054,0.138,0.14,0.12,0.12
96075,0,0,0,0
96096,0.072,0.13,0.04,0.04
96117,0,0,0,0
96138,0,0,0,0
96159,0.462,0.29,0.19,0.06
96180,0,0,0,0
96201,0,0,0,0
96222,0.05,0.12,0.085,0.02
96243,0.022,0.12,0.085,0.02
96264,0.09,0.035,0.035,0.065
96285,0,0,0,0
96306,0.038,0.07,0.05,0.02
96327,0.022,0.09,0.045,0.01
96348,0.068,0.07,0.05,0.03
96369,0.068,0.07,0.05,0.03
96390,0.076,0.05,0.03,0.01
96411,0.034,0.03,0.015,0.05
96432,0,0,0,0
96453,0.36,0.045,0.02,0.025
96474,0,0,0,0
96495,0.25,0.12,0.07,0.03
96516,0.228,0.15,0.11,0.03
96537,0.205,0.085,0.08,0.13
96558,0,0,0,0
96579,0.206,0.07,0.07,0.085
96600,0,0,0,0
96621,0,0,0,0
117432,0.25,0.2,0.12,0.05
117453,0,0,0,0
117474,1.005,0.23,0.16,0.1
117495,0.55,0.3,0.12,0.1
117516,0,0,0,0
117537,0,0,0,0
117558,0,0,0,0
117579,1.3,0.2,0.22,0.1
117600,2.5,0.14,0.14,0.53
117621,0,0,0,0
117642,0.5,0.17,0.11,0.1
117663,0,0,0,0
117684,0,0,0,0
117705,0,0,0,0
117726,0,0,0,0
117747,0.7,0.16,0.13,0.16
117768,0,0,0,0
117789,0.575,0.2032,0.1524,0.0762
117810,1.37,0.048,0.048,0.048
117831,0,0,0,0
117852,0,0,0,0
117873,0,0,0,0
117894,0.1,0.095,0.095,0.035
117915,0.1,0.095,0.095,0.045
117936,0.45,0.11,0.11,0.1524
117957,0.472,0.08,0.08,0.15
117978,1.25,0.35,0.23,0.065
117999,1.25,0.32,0.23,0.065
118020,0.526,0.26,0.18,0.045
118041,0.41,0.23,0.17,0.035
118062,0.55,0.26,0.15,0.065
118083,0.55,0.24,0.145,0.055
118104,0,0,0,0
118125,0.068,0.16,0.11,0.03
118146,0.51,0.14,0.14,0.18
118167,0.51,0.14,0.14,0.18
118188,0.51,0.14,0.14,0.18
118209,0,0,0,0
118230,0.692,0.11,0.045,0.22
118251,0.332,0.12,0.12,0.185
118272,0.67,0.09,0.05,0.23
118293,0.6,0.12,0.12,0.25
118314,0,0,0,0
118335,0,0,0,0
118356,0,0,0,0
118377,2.03,0.13,0.13,0.33
118398,5.013,0.17,0.17,0.32
118419,0,0,0,0
118440,1.01,0.23,0.16,0.04
118461,0,0,0,0
118482,0.029,0.11,0.1,0.02
118503,0,0,0,0
118524,0.088,0.11,0.09,0.02
118545,0.041,0.12,0.11,0.03
118566,0.041,0.12,0.11,0.03
118587,0.011,0.105,0.1,0.015
118608,0.046,0.2,0.105,0.03
118629,0,0,0,0
118650,0.026,0.1,0.03,0.195
118671,0.008,0.12,0.07,0.02
118692,0.278,0.052,0.052,0.2
118713,0.148,0.045,0.045,0.133
118734,0,0,0,0
118755,0,0,0,0
118776,0,0,0,0
118797,0.268,0.06,0.06,0.215
118818,0,0,0,0
118839,0,0,0,0
118860,0,0,0,0
118881,0,0,0,0
118902,0,0,0,0
118923,0,0,0,0
118944,0,0,0,0
118965,0,0,0,0
118986,0,0,0,0
119007,0,0,0,0
119028,0,0,0,0
119049,1.112,0.26,0.21,0.08
119070,0.25,0.15,0.11,0.04
119091,0,0,0,0
119112,0,0,0,0
119133,0,0,0,0
119154,0,0,0,0
119175,0,0,0,0
119196,0,0,0,0
119217,0,0,0,0
119238,0,0,0,0
119259,0,0,0,0
119280,0,0,0,0
119301,0,0,0,0
119322,0,0,0,0
119343,1.0168,0.14,0.06,0.26
119364,0,0,0,0
119385,0.02,0.06,0.03,0.02
119406,4.954,0.15,0.115,0.335
119427,0,0,0,0
119448,0,0,0,0
119469,0.35,0.06,0.06,0.15
119490,0,0,0,0
119511,0.35,0.06,0.06,0.15
119532,0.12,0.21,0.05,0.05
119553,0,0,0,0
119574,0.3,0.09,0.02,0.18
119595,0,0,0,0
119616,1.0104,0.09,0.07,0.21
119637,1.098,0.095,0.07,0.21
119658,0,0,0,0
119679,0,0,0,0
119700,0,0,0,0
119721,0,0,0,0
119742,0,0,0,0
119763,0,0,0,0
119784,0,0,0,0
119805,0,0,0,0
119826,0,0,0,0
119847,0,0,0,0
119868,0,0,0,0
119889,0,0,0,0
119910,0,0,0,0
119931,0,0,0,0
119952,0,0,0,0
119973,0,0,0,0
119994,0,0,0,0
120015,0,0,0,0
120036,0,0,0,0
120057,0,0,0,0
120078,0,0,0,0
120099,0,0,0,0
120120,0,0,0,0
120141,0,0,0,0
120162,0,0,0,0
120183,0,0,0,0
120204,0,0,0,0
120225,0,0,0,0
120246,0,0,0,0
120267,0,0,0,0
120288,0,0,0,0
120309,0,0,0,0
120330,0,0,0,0
120351,0,0,0,0
120372,0,0,0,0
120393,0,0,0,0
120414,0,0,0,0
120435,0,0,0,0
120456,0,0,0,0
120477,0,0,0,0
120498,0,0,0,0
120519,0,0,0,0
120540,0,0,0,0
120561,0,0,0,0
120582,0,0,0,0
120603,0,0,0,0
120624,0,0,0,0
120645,0,0,0,0
120666,0,0,0,0
120687,0,0,0,0
120708,0,0,0,0
120729,0.194,0.24,0.12,0.08
120750,0.525,0.127,0.2413,0.2413
120771,0,0,0,0
120792,0,0,0,0
120813,0.279,0.06,0.04,0.1
120834,0,0,0,0
120855,0.262,0.16,0.03,0.19
120876,0.25,0.165,0.03,0.19
120897,1.122,0.08,0.065,0.27
120918,0.5,0.1524,0.16,0.03
120939,1.036,0.27,0.21,0.12
120960,0.058,0.075,0.015,0.09
120981,0.058,0.07,0.015,0.093
121002,1.004,0.08,0.08,0.29
121023,0.214,0.19,0.115,0.035
121044,0,0,0,0
121065,0,0,0,0
121086,4.764,0.14,0.14,0.33
121107,0,0,0,0
121128,0.098,0.115,0.095,0.02
121149,0,0,0,0
121170,0,0,0,0
121191,0,0,0,0
121212,0.212,0.088,0.088,0.235
121233,0.212,0.088,0.088,0.327
121254,0.023,0.085,0.085,0.235
121275,0,0,0,0
121296,0,0,0,0
121317,0.024,0.125,0.025,0.025
121338,0,0,0,0
121359,0,0,0,0
121380,0,0,0,0
121401,0,0,0,0
121422,0,0,0,0
121443,0,0,0,0
121464,0,0,0,0
121485,0,0,0,0
121506,0,0,0,0
121527,0.4,0.18,0.05,0.05
121548,0,0,0,0
121569,0,0,0,0
121590,0,0,0,0
121611,0,0,0,0
121632,0,0,0,0
121653,0,0,0,0
121674,0.556,0.23,0.18,0.085
121695,0,0,0,0
121716,0.228,0.14,0.085,0.04
121737,0.18,0.09,0.025,0.095
121758,0.584,0.095,0.03,0.27
121779,0,0,0,0
121800,0.834,0.0698,0.0698,0.2159
121821,1.02,0.05,0.02,0.08
121842,0.224,0.29,0.16,0.06
121863,0.284,0.16,0.085,0.235
121884,0.102,0.17,0.14,0.04
121905,0.108,0.195,0.03,0.165
121926,0.512,0.07,0.07,0.19
121947,1,0,0,0
121968,0,0,0,0
121989,0.512,0.07,0.07,0.19
122010,0.35,0.06,0.06,0.15
122031,0,0,0,0
122052,0.96,0.255,0.04,0.055
122073,0,0,0,0
122094,0,0,0,0
122115,0.334,0.24,0.12,0.07
122136,0.025,0.08,0.02,0.1
122157,0,0,0,0
122178,0.086,0.18,0.06,0.02
122199,0.002,0.002,0.11,0.25
122220,0.012,0.022,0.25,0.31
122241,0.01,0.24,0.16,0.01
122262,0,0,0,0
122283,0.1,0.14,0.13,0.03
122304,0,0,0,0
122325,0.456,0.09,0.06,0.2
122346,0.152,0.05,0.035,0.155
122367,0.09,0.095,0.06,0.035
122388,0,0,0,0
122409,0,0,0,0
122430,0,0,0,0
122451,0,0,0,0
122472,0,0,0,0
122493,0,0,0,0
122514,0.222,0.175,0.11,0.03
122535,0,0,0,0
122556,0,0,0,0
122577,0,0,0,0
122598,0,0,0,0
122619,0,0,0,0
122640,0,0,0,0
122661,0,0,0,0
122682,0,0,0,0
122703,0.229,0.14,0.13,0.03
122724,0.25,0.16,0.14,0.04
122745,0.307,0.15,0.04,0.155
122766,0,0,0,0
122787,0,0,0,0
122808,0.116,0.097,0.019,0.039
122829,0,0,0,0
122850,0,0,0,0
122871,0.062,0.045,0.045,0.085
122892,0,0,0,0
122913,0.8,0.1397,0.0635,0.2413
122934,5.031,0.15,0.21,0.3
122955,0,0,0,0
122976,0.08,0.09,0.06,0.02
122997,0.13,0.1,0.07,0.03
123018,0.08,0.09,0.06,0.02
123039,0.13,0.1,0.07,0.03
123060,0.08,0.09,0.06,0.03
123081,0.13,0.1,0.07,0.03
123102,0.078,0.085,0.025,0.055
123123,0,0,0,0
123144,0,0,0,0
123165,0,0,0,0
123186,5.0182,0.1778,0.127,0.3048
123207,0,0,0,0
123228,0,0,0,0
123249,0,0,0,0
123270,0,0,0,0
123291,0.344,0.085,0.04,0.18
123312,0,0,0,0
123333,0.05,0.05,0.02,0.1
123354,0,0,0,0
123375,0,0,0,0
123396,0,0,0,0
123417,0.152,0.04,0.11,0.18
123438,0,0,0,0
123459,0.05,0.05,0.02,0.065
123480,0.15,0.17,0.1,0.05
123501,0,0,0,0
123522,0.05,0.22,0.18,0.055
123543,0.05,0.25,0.18,0.06
123564,0.05,0.22,0.18,0.055
123585,0.009,0.13,0.1,0.02
123606,0,0,0,0
123627,0,0,0,0
123648,0,0,0,0
123669,0,0,0,0
123690,0.66,0.085,0.085,0.12
123711,0.198,0.12,0.12,0.13
123732,0,0,0,0
123753,0,0,0,0
123774,0,0,0,0
123795,0,0,0,0
123816,0,0,0,0
123837,0,0,0,0
123858,0,0,0,0
123879,0,0,0,0
123900,0.15,0.09,0.07,0.04
123921,0,0,0,0
123942,0.078,0.27,0.08,0.07
123963,0.0294,0.09,0.05,0.15
123984,0.56,0.09,0.09,0.155
124005,0.055,0.09,0.09,0.15
124026,1.0084,0.14,0.07,0.28
124047,1.012,0.12,0.06,0.27
124068,1.005,0.15,0.08,0.28
124089,0.031,0.08,0.04,0.15
124110,0.416,0.085,0.04,0.265
124131,0.38,0.08,0.04,0.225
124152,1.11,0.0508,0.127,0.2794
124173,0.052,0.09,0.09,0.1524
124194,0.07,0.17,0.05,0.04
124215,0.554,0.09,0.05,0.22
124236,0,0,0,0
124257,0,0,0,0
124278,0,0,0,0
124299,0,0,0,0
124320,0,0,0,0
124341,0,0,0,0
124362,1.05,0.3556,0.2286,0.0762
124383,0.102,0.15,0.11,0.06
124404,0,0,0,0
124425,0.506,0.125,0.055,0.075
124446,0,0,0,0
124467,0.396,0.065,0.065,0.195
124488,0.25,0.08,0.08,0.04
124509,0.1,0.23,0.12,0.04
124530,0.5,0.3048,0.0762,0.0381
124551,1.3,0.29,0.16,0.17
124572,0,0,0,0
124593,2.1,0.24,0.16,0.15
124614,0,0,0,0
124635,1.7,0.2286,0.2286,0.1524
124656,0.26,0.25,0.15,0.1
124677,0.3,0.23,0.11,0.06
124698,0.4,0.16,0.16,0.07
124719,0,0,0,0
124740,0,0,0,0
124761,0,0,0,0
124782,0,0,0,0
124803,0,0,0,0
124824,0,0,0,0
124845,0.156,0.07,0.07,0.18
124866,0,0,0,0
124887,0,0,0,0
124908,0,0,0,0
124929,0.552,0.085,0.05,0.2
124950,0,0,0,0
124971,0.78,0.2,0.2,0.14
124992,0,0,0,0
125013,0,0,0,0
125034,0,0,0,0
125055,0.756,0.14,0.14,0.025
125076,0,0,0,0
125097,0,0,0,0
125118,0.066,0.17,0.025,0.17
125139,0,0,0,0
125160,0.026,0.38,0.001,0.03
125181,0.208,0.41,0.03,0.035
125202,0.14,0.37,0.015,0.03
125223,0,0,0,0
125244,0,0,0,0
125265,0,0,0,0
125286,0,0,0,0
125307,0,0,0,0
125328,0,0,0,0
125349,0,0,0,0
125370,0,0,0,0
125391,0,0,0,0
125412,0,0,0,0
125433,0,0,0,0
125454,0,0,0,0
125475,0,0,0,0
125496,0,0,0,0
125517,0,0,0,0
125538,0,0,0,0
125559,0,0,0,0
125580,1,0.22,0.18,0.5
125601,0,0,0,0
125622,0,0,0,0
125643,0,0,0,0
125664,0,0,0,0
125685,10.012,0.16,0.38,0.7
125706,0,0,0,0
125727,0,0,0,0
125748,0,0,0,0
125769,10.07,0.375,0.18,0.6
125790,3.044,0.275,0.085,0.45
125811,0,0,0,0
125832,0,0,0,0
125853,0,0,0,0
125874,0,0,0,0
125895,0,0,0,0
125916,0,0,0,0
125937,1,0.25,0.18,0.15
125958,0,0,0,0
125979,0,0,0,0
126000,0,0,0,0
126021,0,0,0,0
126042,0,0,0,0
126063,0,0,0,0
126084,0,0,0,0
126105,0,0,0,0
126126,0,0,0,0
126147,1,0.19,0.19,0.26
126168,1,0.19,0.19,0.26
126189,1,0.19,0.19,0.26
126210,1.003,0.17,0.15,0.09
126231,1.003,0.24,0.14,0.14
126252,0.75,0.17,0.17,0.08
126273,0.805,0.2286,0.2286,0.0762
126294,1.1,0.17,0.14,0.15
126315,1.2,0.27,0.2,0.1
126336,0,0,0,0
126357,1,0.2,0.11,0.1
126378,0,0,0,0
126399,0,0,0,0
126420,0,0,0,0
126441,0.7,0.22,0.18,0.17
126462,1,0.31,0.14,0.12
126483,1.5,0.18,0.17,0.17
126504,1.001,0.23,0.18,0.12
126525,0,0,0,0
126546,0,0,0,0
126567,0,0,0,0
126588,3.05,0.28,0.1,0.046
126609,0.45,0.08,0.08,0.11
126630,0,0,0,0
126651,0.481,0.08,0.08,0.12
126672,0.454,0.075,0.075,0.11
126693,10,0,0,0
126714,0,0,0,0
126735,0,0,0,0
126756,0,0,0,0
126777,0,0,0,0
126798,0,0,0,0
126819,0,0,0,0
126840,0,0,0,0
126861,0,0,0,0
126882,0,0,0,0
126903,0,0,0,0
126924,0,0,0,0
126945,10,0,0,1
126966,0.106,0.075,0.075,0.048
126987,0.054,0.06,0.06,0.03
127008,0.07,0.155,0.05,0.035
127029,0.038,0.13,0.04,0.025
127050,0,0,0,0
127071,0.06,0.14,0.055,0.035
127092,0.012,0.045,0.01,0.115
127113,0.061,0.14,0.055,0.035
127134,0.434,0.07,0.04,0.21
127155,0.218,0.06,0.03,0.168
127176,0.116,0.05,0.03,0.13
127197,0.108,0.08,0.04,0.18
127218,0,0,0,0
127239,0,0,0,0
127260,0,0,0,0
127281,0.218,0.06,0.04,0.17
127302,0,0,0,0
127323,0.408,0.07,0.035,0.21
127344,0,0,0,0
127365,0,0,0,0
127386,0.69,0.05,0.05,0.075
127407,0.081,0.055,0.045,0.195
127428,0.69,0.01,0.01,0.19
127449,0.434,0.07,0.04,0.21
127470,0.216,0.045,0.03,0.165
127491,0,0,0,0
127512,0.3,0.04,0.06,0.22
127533,0.31,0.08,0.08,0.19
127554,0.105,0.05,0.05,0.13
127575,0.174,0.1397,0.2286,0.1016
127596,0.122,0.19,0.05,0.03
127617,0.072,0.135,0.145,0.03
127638,0,0,0,0
127659,0.29,0.08,0.05,0.22
127680,0.21,0.045,0.19,0.04
127701,0.029,0.09,0.06,0.22
127722,0.119,0.055,0.025,0.145
127743,0,0,0,0
127764,0,0,0,0
127785,0,0,0,0
127806,0,0,0,0
127827,0,0,0,0
127848,0.028,0.12,0.005,0.13
127869,0.2,0.11,0.03,0.13
127890,0.21,0.025,0.115,0.17
127911,0.028,0.075,0.015,0.105
127932,1.008,0.1524,0.127,0.0762
127953,0.21,0.115,0.02,0.14
127974,0,0,0,0
127995,0.5,0.14,0.14,0.03
128016,0.216,0.03,0.12,0.13
128037,0.231,0.217,0.045,0.04
128058,0.062,0.05,0.03,0.1
128079,0.174,0.04,0.04,0.195
128100,0.102,0.09,0.05,0.03
128121,0.098,0.09,0.055,0.03
128142,0.184,0.1,0.065,0.03
128163,0,0,0,0
128184,0,0,0,0
128205,0,0,0,0
128226,0.02,0.18,0.12,0.04
128247,0.19,0.21,0.12,0.06
128268,0.104,0.065,0.03,0.16
128289,0.112,0.055,0.055,0.155
128310,0.272,0.06,0.04,0.2
128331,0.043,0.07,0.05,0.22
128352,0.075,0.06,0.045,0.07
128373,0.12,0.08,0.06,0.03
128394,0.048,0.18,0.07,0.05
128415,0.438,0.08,0.055,0.22
128436,0.112,0.055,0.032,0.15
128457,0.088,0.09,0.09,0.04
128478,0.063,0.045,0.05,0.07
128499,0,0,0,0
128520,0.454,0.07,0.04,
128541,0.334,0.08,0.04,0.19
128562,0.227,0.07,0.03,0.165
128583,0.12,0.055,0.02,0.16
128604,0.459,0.08,0.045,0.21
128625,0.452,0.08,0.08,0.215
128646,0.217,0.07,0.07,0.1905
128667,0.11,0.06,0.03,0.18
128688,0.056,0.06,0.035,0.055
128709,0.012,0.045,0.03,0.04
128730,0,0,0,0
128751,0,0,0,0
128772,0.075,0.085,0.055,0.03
128793,0.0152,0.105,0.07,0.04
128814,0.01,0.08,0.055,0.025
128835,0.0074,0.08,0.055,0.025
128856,0.01,0.09,0.07,0.03
128877,0,0,0,0
128898,0.04,0.11,0.04,0.02
128919,0.096,0.09,0.055,0.03
128940,0.266,0.08,0.04,0.195
128961,0,0,0,0
128982,0.0272,0.07,0.07,0.2
129003,0,0,0,0
129024,0.011,0.08,0.06,0.035
129045,0,0,0,0
129066,0,0,0,0
129087,0.108,0.085,0.06,0.04
129108,0,0,0,0
129129,0.73,0.11,0.07,0.24
129150,0,0,0,0
129171,0.267,0.07,0.04,0.18
129192,0.178,0.105,0.105,0.035
129213,0,0,0,0
129234,0.0061,0.13,0.05,0.03
129255,0.0114,0.06,0.03,0.16
129276,0.3,0.06,0.042,0.195
129297,0,0,0,0
129318,0.798,0.115,0.05,0.235
